예금 · 적금|플러스박스|"상품요약
가입대상: 당행 입출금통장을 보유한 실명의 개인 및 개인사업자(1인 최대 10계좌)
예금종류: 입출금이 자유로운 예금
가입금액: 보유한 플러스박스 계좌 잔액을 모두 합산하여 최대 3억원까지 입금 가능
가입기간: 제한없음
거래방법
연결된 계좌를 통한 입출금만 가능하며, 그 외의 입출금은 모두 제한됩니다.
급여이체, 카드결제, 공과금 결제 등 결제성 계좌이체 등록이 불가하며, 현금 출금계좌로 사용할 수 없습니다.
자동이체 설정
연결계좌에서 플러스박스 계좌로 자동이체를 신청할 수 있으며, 플러스박스 화면에서만 등록/해지가 가능합니다.
자동이체는 일, 주, 월 단위로 최소 1원에서 최대 3억원까지 신청 가능합니다.
자동이체를 신청한 경우 신청일 다음날 기준으로 시작되며, 해지는 즉시 적용됩니다.

적용금리
(조회기준일: 2023.08.24, 현재, 세전, 연%)
적용금리 : 연 2.30%
이자계산방법 : 일자별 최종 잔액에 대하여 약정된 금리를 적용한 일별이자를 합산
이자결산지급일 : 매월 넷째주 토요일
「바로 이자받기」 : 이자지급일이 도래하기 전이라도 최초 예금일(또는 지난 이자지급일)부터 「바로 이자받기」 신청 전일까지의 이자를 바로 받을 수 있습니다.
이 예금으로 이자가 입금되며, 이자 입금 후 예금의 잔액이 가입금액 한도를 초과하는 경우 초과금액은 연결계좌로 자동 입금 됩니다."
예금 · 적금|챌린지박스|"상품요약
가입대상: 당행 입출금통장을 보유한 실명의 개인 및 개인사업자 (1인 최대 10계좌)
예금종류: 입출금이 자유로운 예금
목표금액: 1만원 ~ 500만원
목표기간(모을기간): 30일 ~ 200일
목표일: 가입일을 포함하여 목표기간이 도래한 날
거래방법
연결계좌를 통한 아래의 거래만 가능합니다.
모으기:「자동 모으기 서비스」를 통해 연결계좌에서 챌린지박스로 매주 자동 이체
※ 직접 이체를 통한 입금은 불가능
비상금출금: 챌린지박스에서 연결계좌로 횟수 제한 없이 출금이 가능
중도 해지
해지 당시의 원금 및 원금에 대한 약정된 기본금리가 적용되어 연결계좌로 전액 입금
만기 해지
목표일에 자동으로 해지되어 연결계좌로 원금, 약정이자, 끝전채움을 포함한 전액이 입금
재예치
재예치 불가

적용금리
(조회기준일: 2023.08.24, 현재, 세전, 연%)
기본금리 + 우대금리
기본금리: 1.50%
우대금리: 2.50%
※ 목표일까지 「자동 모으기 서비스」를 통해 '모으기 성공' 조건을 모두 충족한 계좌에 한하여 우대금리를 적용
이자계산방법
이자계산방법: 최초 예금일로부터 목표일 전일까지 일자별 최종 잔액에 대하여 약정된 금리를 적용
이자지급일: 목표일"
예금 · 적금|MY입출금통장|"상품요약
가입대상: 만 17세 이상 실명의 개인 및 개인사업자
예금종류 : 입출금이 자유로운 예금
가입금액 및 가입기간: 제한없음

적용금리
(조회기준일: 2023.08.24, 현재, 세전, 연%)
적용금리: 연 0.10%
이자계산방법: 일자별 최종 잔액에 대하여 약정된 금리를 적용한 일별이자를 합산
이자결산지급일: 매월 넷째주 토요일"
예금 · 적금|코드K정기예금|"상품요약
상품종류: 목돈굴리기(거치식예금)
가입대상: 만 17세 이상 실명의 개인 및 개인사업자
가입기간: 1개월 ~ 36개월
가입금액: 100만원 이상 ('22년 6월 15일 이후 신규계좌 적용)
세제혜택
본인 한도 내 비과세종합저축으로 가입 가능
이자지급방법
만기일시지급식
부분인출
2회 가능, 중도해지금리 적용
단, 예금잔액이 최소가입금액 이하거나 비과세로 가입한 경우 부분인출 불가능
재예치
만기 시 해지방법을 자동 재예치로 신청한 경우 2회 재예치됩니다.
특이사항
만기처리방법: 만기 시 자동해지, 자동재예치 중 선택
만기 시 자동해지 되는 경우 연결계좌로 입금
※ 자세한 사항은 약관 및 상품설명서를 참조하시거나, 고객센터로 문의하시기 바랍니다.

적용금리
(조회기준일: 2023.08.24, 현재, 세전, 연%)
가입기간 기본금리 최고금리
(우대금리포함)
1개월(30일)
이상 3.00% 3.00%
3개월(90일)
이상 3.30% 3.30%
6개월(180일)
이상 3.40% 3.40%
12개월(365일)
이상 3.80% 3.80%
24개월(730일)
이상 3.40% 3.40%
36개월(1,095일)
이상 3.40% 3.40%
일 또는 월 단위로 가입 가능
중도해지금리
가입기간 기본금리
1개월(30일) 미만 연 0.10%
1개월(30일) 이상 연 0.30%
3개월(90일) 이상 연 0.50%
6개월(180일) 이상 기본금리1) x 70% x 경과일수/계약일수
(최저 연 0.50%)
9개월(270일) 이상 기본금리1) x 80% x 경과일수/계약일수
(최저 연 0.50%)
11개월(330일) 이상 기본금리1) x 90% x 경과일수/계약일수
(최저 연 0.50%)
기본금리1): 신규 시(또는 재예치) 기본금리 적용
※ 중도해지 시 신규일(또는 재예치) 당시 고시된 중도해지 금리가 적용됩니다.
만기 후 금리
보유기간 적용금리
만기 후 1개월 이내 만기시점 기본금리 x 50%
만기 후 1개월 초과 ~
6개월 이내 만기시점 기본금리 x 30%
만기 후 6개월 초과 연 0.20%
※ 만기 후 해지 시 만기일 당시 고시된 만기 후 금리가 적용됩니다."
예금 · 적금|코드K자유적금|"상품요약
상품종류: 목돈모으기(적립식예금)
가입대상: 만 17세 이상 실명의 개인 및 개인사업자(1인 최대 15계좌)
가입기간: 1개월, 3개월, 6개월, 1년, 2년, 3년
가입금액: 1천원 이상 30만원 이하
적립한도: 월 최대 30만원(원단위, 자유적립식)
세제혜택
본인 한도 내 비과세종합저축으로 가입 가능
이자지급방법
만기일시지급식
부분인출
2회 가능, 중도해지금리 적용
단, 최초 입금액 및 비과세종합저축으로 가입한 금액은 부분인출 불가능
특이사항
만기처리방법: 만기 시 자동해지
※ 자세한 사항은 약관 및 상품설명서를 참조하시거나, 고객센터로 문의하시기 바랍니다.

(조회기준일: 2023.08.24, 현재, 세전, 연%)
적용금리
기본금리 + 우대금리
기본금리
가입기간 기본금리 최고금리
(우대금리포함)
1개월 3.30% 3.30%
3개월 3.50% 3.50%
6개월 3.60% 3.60%
1년 4.30% 4.30%
2년 4.35% 4.35%
3년 4.40% 4.40%

우대금리
우대코드 입력 시 만기해지 계좌에 한해 제공
우대코드는 케이뱅크 이벤트 또는 제휴사 이벤트 진행시에만 사용 가능
중도해지금리
가입기간 기본금리
1개월(30일) 미만 연 0.10%
1개월(30일) 이상 연 0.30%
3개월(90일) 이상 연 0.50%
6개월(180일) 이상 기본금리1) x 70% x 경과일수/계약일수
(최저 연 0.50%)
9개월(270일) 이상 기본금리1) x 80% x 경과일수/계약일수
(최저 연 0.50%)
11개월(330일) 이상 기본금리1) x 90% x 경과일수/계약일수
(최저 연 0.50%)
1) 기본금리: 신규 시 기본금리 적용
※ 중도해지 시 신규일 당시 고시된 중도해지 금리가 적용됩니다.
만기 후 금리
보유기간 적용금리
만기 후 1개월 이내 만기시점 기본금리 x 50%
만기 후 1개월 초과 ~
6개월 이내 만기시점 기본금리 x 30%
만기 후 6개월 초과 연 0.20%
※ 만기 후 해지 시 만기일 당시 고시된 만기 후 금리가 적용됩니다."
예금 · 적금|주거래자유적금|"상품요약
상품종류: 목돈모으기(적립식예금)
가입대상: 만 17세 이상 실명의 개인 및 개인사업자(1인 최대 3계좌)
가입기간: 6개월 ~ 36개월
가입금액: 월 1천원 이상 3백만원 이하
우대조건
최고 연 0.60% (우대조건을 충족하는 경우 만기 해지 시 우대금리를 적용)
(조회기준일: 2023.08.24, 현재)
항목
(우대금리 최고 연 0.60%) 우대조건
급여이체 또는 통신비 자동이체(연 0.3%) 실적 인정 기간 (주1)동안 3개월 이상 급여이체 또는 통신비 자동이체 실적이 있는 경우
급여이체: 건당 50만원 이상, 급여이체 인정기준 (주2)에 해당하는 경우
통신비자동이체: 케이뱅크 입출금통장 또는 케이뱅크 카드로 통신비(통신 3사 KT,SKT,LGU+)자동이체 실적이 있는 경우
케이뱅크 체크카드(연 0.3%) 실적 인정 기간 동안 3개월 이상 케이뱅크 체크카드 실적이 있는 경우
케이뱅크 체크카드: 월 20만원 이상 사용(월 산정기준: 매월 1일부터 말일)
주1) 실적 인정 기간
예금 신규월 1일부터 예금 만기 전월 말일까지
(예시) 신규일 : 2022년 4월 3일, 가입기간 : 1년, 만기일 : 2023년 4월 3일
→ 실적 인정 기간 : 2022년 4월 1일부터 2023년 3월 31일까지
주2) 급여이체 인정기준
적요 또는 입금통장표시내역에 월급/급여/수당/급료/SALARY/salary/상여/보너스라고 표시되어 있는 경우
적요 또는 입금통장표시내역에 고객정보의 직장명 앞 4글자 중 연속한 2글자가 포함되어 있는 경우 (단, '주식회사,(주),유한회사, (유), 합명회사, 합자회사, (합), 재단법인,(재), 사단법인, (사)'를 제외한 나머지 명칭)
기타 당행 전산상 급여로 인정되는 경우
※ 단, 당행 본인계좌에서 이체 건은 위의 조건을 만족하더라도 제외
실적 확인 관련 안내사항
3개월 이상 실적 확인 시 연속하여 3개월 이상 실적을 확인하는 것은 아님
1개월(1일부터 말일까지) 이내 2회 이상 급여이체, 통신비이체 실적이 있는 경우 실적은 1개월로 인정함
통신 3사 외 기관 (ex)알뜰폰 등)은 인정되지 않음
세제혜택
본인 한도 내 비과세종합저축으로 가입 가능
이자지급방법
만기일시지급
부분인출
2회 가능, 중도해지금리 적용
단, 최초 입금액 및 비과세종합저축으로 가입한 금액은 부분인출 불가능)
특이사항
만기처리방법: 만기 시 자동해지
※ 자세한 사항은 약관 및 상품설명서를 참조하시거나, 고객센터로 문의하시기 바랍니다.

적용금리
기본금리 + 우대금리 (최고 연 0.60%)
(조회기준일: 2023.08.24, 현재, 세전, 연%)
가입기간 기본금리 최고금리
(우대금리포함)
6개월(180일)
이상 3.50% 4.10%
12개월(365일)
이상 4.20% 4.80%
24개월(730일)
이상 4.25% 4.85%
36개월(1,095일)
이상 4.30% 4.90%
※ 일단위 상품으로 가입기간은 일수 기준으로 계산하여 금리를 제공합니다.
중도해지금리
보유기간 적용금리
1개월(30일) 미만 연 0.10%
1개월(30일) 이상 연 0.30%
3개월(90일) 이상 연 0.50%
6개월(180일) 이상 기본금리1) x 70% x 경과일수/계약일수
(최저 연 0.50%)
9개월(270일) 이상 기본금리1) x 80% x 경과일수/계약일수
(최저 연 0.50%)
11개월(330일) 이상 기본금리1) x 90% x 경과일수/계약일수
(최저 연 0.50%)
1) 기본금리: 신규 시 기본금리 적용
※ 중도해지 시 신규일 당시 고시된 중도해지 금리가 적용됩니다.
만기 후 금리
보유기간 적용금리
만기 후 1개월 이내 만기시점 기본금리 x 50%
만기 후 1개월 초과 ~
6개월 이내 만기시점 기본금리 x 30%
만기 후 6개월 초과 연 0.20%
※ 만기 후 해지 시 만기일 당시 고시된 만기 후 금리가 적용됩니다."
대출|아파트담보대출|"
대출금리
조회기준일: 2023.08.24
(단위: 연이율)
기준금리	가산금리	최저금리	최고금리
신규취급액기준
COFIX(6개월):
3.69%	0.44%
~2.29%	4.13%	5.98%
신잔액기준
COFIX(3개월):
3.21%	0.48%
~2.47%	3.69%	5.68%
고정혼합금리:
4.40%	-0.18%
~0.85%	4.22%	5.25%
대출금리 산출식: 기준금리 + 가산금리
상품별 선택 가능한 기준금리
상품	내용
구입자금	신규취급액기준 COFIX(6개월)
또는 고정혼합금리
생활안정자금
대출 갈아타기
(대환자금)	신잔액기준 COFIX(3개월)
또는 고정혼합금리
기준금리별 안내
기준금리	설명
신규취급액기준
COFIX(6개월)	변동금리이며 6개월마다 금리가 변경됩니다.
신규취급액기준 COFIX는 국내 8개 은행이 제공한 자금조달 관련 정보(대상 월 한 달간 신규로 취급한 수신상품 금액의 가중평균금리)를 기초로 산출하며, 전국은행연합회에서 매월 고시합니다.
신잔액기준
COFIX(3개월)	변동금리이며 3개월마다 금리가 변경됩니다.
신잔액기준 COFIX는 국내 8개 은행이 제공한 자금조달 관련 정보(대상 월 말 보유하고 있는 수신상품, 기타 예수금, 기타 차입금, 결제성 자금 등의 잔액 가중평균금리)를 기초로 산출하며, 전국은행연합회에서 매월 고시합니다.
고정혼합금리	최초 5년간 고정금리이며 이후 금융채연동금리로 12개월마다 금리가 변경됩니다.
금융채연동금리는 은행 등이 자금조달을 위해 발행하는 채권금리를 기초로 산출하며, 한국자산평가가 고시합니다.
개인별 실제 금리는 대출 약정단계에서 확인 가능하며, 신용상황, 대출조건, 담보현황에 따라 달라질 수 있습니다.
주택금융신용보증기금 출연대상 대출금(구입자금 대출, 구입자금 포함 대환대출)에 해당하는 경우 연 0.02%~0.27%의 주택금융신용보증기금 출연요율이 포함되어 있습니다.
우대금리(2021년 6월 17일 이전 약정 대출 한정)
우대금리는 2021년 6월 17일 약정한 대출부터 폐지 되었습니다. 폐지 이전에 약정한 대출은 아래 조건에 따라 우대금리 연 0.5%가 적용됩니다.
기존 우대금리
항목	내용
우대항목	계좌이체 우대금리
적용금리	연 0.50%
달성방법	당행 본인 입출금통장으로
건별 50만원 이상 입금 실적
(당행 본인계좌에서 이체는 제외)
실적기준	매월 이자납부 전일까지
※ 주의

대출이 실행된 이후에는 우대금리 항목을 추가할 수 없습니다. 신청하실 때 적용되는 우대금리를 꼭 확인하시기 바랍니다.
금리우대 요건이 충족되지 않을 경우 해당 항목에 대한 우대율 적용이 즉시 종료되며, 금리 우대 요건을 재충족하는 경우 다음 회차 이자납부일부터 재적용됩니다.
이자납부일을 변경할 경우 대출 실행일의 매월 응당일 전일까지를 실적 기준일로 합니다.
타금융기관의 이체 지연, 실패 등으로 우대금리 실적이 달성되지 않을 수 있으니, 약정된 이자납부일 전일까지 충분한 여유를 두고 입금하시기 바랍니다.
연체이자(지연배상금)
연체이자율: 대출금리 + 연 3.00%
연체이자율의 최고율은 연 15.00%. 단, 대출이자율이 연 15.00% 이상일 경우에는 대출이자율에 연체가산이자율 연 2.00%를 가산하여 적용합니다.
금리인하요구권
채무자인 고객은 본인의 신용상태가 개선되었다고 판단되는 경우(직장 이직, 개인신용평점 상승, 승진, 소득증가, 재산증가)에는 금리인하를 요구할 수 있습니다.
은행은 금리인하를 요구하는 고객에게 신용상태 개선을 확인하는데 필요한 자료의 제출을 요구할 수 있습니다.
신용상태의 개선이 경미하여 금리인하 요구 인정 요건을 충족하지 못하는 경우 등 은행 심사 결과에 따라 고객의 금리인하 요구는 수용되지 않을 수 있습니다.
금리인하요구권은 ""메뉴 > 대출 > 상품선택 > 관리""에서 신청할 수 있습니다.
금리인하요구권 신청결과는 신청즉시 확인할 수 있습니다.
금리인하 승인 시 승인일 당일부터 적용됩니다.
기준금리 및 기준금리의 변동주기, 만기일은 변동되지 않습니다.
    "
대출|전세대출|"
대출금리: 연 3.69% ~ 연 6.51%
(조회기준일: 2023.08.24, 단위: 연이율)
상품	기준금리	가산금리
고정금리 전세대출	기간별 고정금리
(대출기간 1년 기준):
3.90%	0.02%
전세대출	신규취급액기준
COFIX(6개월):
3.69%	0.02%
~2.82%
청년 전세대출	0.00%
~0.51%
대출금리 산출식: 기준금리 + 가산금리
신규취급액기준 COFIX란 국내 8개 은행이 제공한 자금조달 관련 정보(대상 월 한 달간 신규로 취급한 수신상품 금액의 가중 평균금리)를 기초로 산출하며, 전국은행연합회에 매월 고시합니다.
고정금리 전세대출의 기준금리는 대출기간에 따라 당행이 고시한 기간별 고정금리가 적용됩니다.
개인별 실제 금리는 대출 약정단계에서 확인 가능하며, 신용상황, 대출조건(대출기간 등)에 따라 달라질 수 있습니다.
연체이자(지연배상금)
연체이자율: 대출금리 + 연 3.00%
연체이자율의 최고율은 연 15.00%. 단, 대출이자율이 연 15.00% 이상일 경우에는 대출이자율에 연체가산이자율 연 2.00%를 가산하여 적용합니다.
금리인하요구권
고정금리 전세대출과 청년 전세대출은 신용평가에 따른 금리차등이 없는 상품으로 금리인하요구권 대상이 아닙니다.
전세대출은 아래의 기준에 따라 금리인하요구권을 신청할 수 있습니다.
채무자인 고객은 본인의 신용상태가 개선되었다고 판단되는 경우(직장 이직, 개인신용평점 상승, 승진, 소득증가, 재산증가)에는 금리인하를 요구할 수 있습니다.
은행은 금리인하를 요구하는 고객에게 신용상태 개선을 확인하는데 필요한 자료의 제출을 요구할 수 있습니다.
신용상태의 개선이 경미하여 금리인하 요구 인정 요건을 충족하지 못하는 경우 등 은행 심사 결과에 따라 고객의 금리인하 요구는 수용되지 않을 수 있습니다.
금리인하요구권은 ""메뉴 > 대출 > 상품선택 > 관리""에서 신청할 수 있습니다.
신청결과는 신청즉시 확인할 수 있습니다.
금리인하 승인 시 승인일 당일부터 적용됩니다.
기준금리 및 기준금리의 변동주기, 만기일은 변동되지 않습니다.
기간연장 안내


    "
대출|예금적금담보대출|"
대출금리
담보로 제공되는 예금 · 적금 상품금리+가산금리
구분	적용금리
기준금리	예금 · 적금 상품금리
가산금리	1.00% (한도대출 : 1.50%)
연체이자(지연배상금)
예금 · 적금 담보대출은 연체시 연체이율을 적용하지 않지만, 신용상의 불이익이 있을 수 있습니다.
금리인하요구권
본 상품은 금리인하요구권 신청대상이 아닙니다.
    "
카드|신용대출|"
(조회기준일: 2023.08.24, 연이율, %)
신용대출
플러스	대출금리	연 5.30% ~ 15.00%
기준금리	기간별고정금리 (대출기간 1년 기준 3.90%)
가산금리	연 1.40% ~ 11.10%
마이너스
통장대출	대출금리	연 6.02% ~ 15.00%
기준금리	KORIBOR(직전3영업일평균), 연 3.68%
가산금리	연 2.34% ~ 11.32%
비상금
대출	대출금리	연 5.94% ~ 15.00%
기준금리	금융채연동금리(12개월) 3.90%
가산금리	연 2.04% ~ 11.10%
금리는 기준금리와 가산금리가 더해져서 계산됩니다.
변동금리(KORIBOR)의 경우 기준금리는 3개월마다 변동됩니다.
변동금리(금융채 연동)의 경우 기준금리는 12개월마다 변동됩니다.
고정금리의 경우 당행이 고시한 기간별 고정금리가 적용됩니다.
상기 금리는 신규대출 기준 예시이며, 실제 적용금리는 고객별 거래조건 및 신용상황에 따라 변동되어 대출 약정단계에서 확인 가능합니다.
이자 계산 방법
이자는 원금에 이율과 일 수를 곱한 후 365일(윤년 366일)을 나누어 계산(원단위 미만은 절사)합니다.
한도대출(마이너스통장방식)은 매일의 적수에 대하여 이자를 계산합니다.
매일의 적수 = 마감잔액 + (일중 최고잔액 – (개시잔액 또는 마감잔액 중 큰 금액))
단, 일괄 자동이체 후 상환금액이 있는 경우 상환금액(입금액)을 감안하여 일중 최고 잔액을 산출
일수 계산은 대출 실행일로부터 상환일(일부상환 포함) 전날까지로 계산합니다.
실행 당일 대출을 상환하는 경우에도 해당일에 발생한 이자를 납부하셔야 합니다.
상환시기 및 방법
상환일 : 대출실행 응당일 또는 고객님께서 지정하신 날에 매월 납부되며, 해당일이 없는 경우 그 달 말일에 납부됩니다. 단, 한도대출(마이너스 통장)의 경우는 대출실행 응당일에만 납부가능합니다.
고객님 본인 명의의 대출금 입금통장 또는 지정한 통장에서 자동 이체됩니다. 단, 한도대출(마이너스 통장)의 경우 한도 설정통장에서만 가능합니다.
원리금균등분할상환 : 대출금액과 이자금액의 합계액을 대출기간 개월 수로 균등하게 나누어 산정한 분할상환원리금을 매월 납부합니다.
한도대출(마이너스 통장) : 대출기간 중에는 대출 한도 내에서 수시로 상환 및 재사용이 가능하며 사용하신 대출잔액에 대해 매월 이자를 납부합니다. 대출기간 종료 시(만기일)에 대출잔액 및 상환시점 미납이자를 모두 상환합니다.
자세한 내용은 대출거래약정서의 실행 방법 및 이자 지급 방법 내용을 참고해주세요.
연체이자(지연배상금)
연체이자율: 대출이자율 + 연 3.00%
연체이자율의 최고율은 연 15.00%. 단, 대출이자율이 연 15.00% 이상일 경우에는 대출이자율에 연체가산이자율 연 2.00%를 가산하여 적용합니다.
금리인하요구권
아래의 기준에 따라 금리인하요구권을 신청할 수 있습니다.
본인의 신용상태가 개선되었다고 판단되는 경우(직장변동, 소득증가, 부채감소, 신용점수 상승 등)
신청방법 : 케이뱅크 앱 내 메뉴 > 대출관리 > 금리인하요구권

신청결과는 신청 시, 신청화면에서 즉시 확인이 가능합니다.

금리인하요구권이 승인되는 경우, 승인일 당일에 바로 적용됩니다.
※ 신용상태 개선을 확인하기 위해 필요한 자료의 제출을 요구할 수 있습니다.
※ 신용상태의 개선이 경미하여 금리인하 요구 인정 요건을 충족하지 못하는 경우 등 고객의 요구를 수용하지 않을 수 있습니다.

기준금리 및 기준금리의 변동주기, 만기일은 변동되지 않습니다.
    "
대출|마이너스통장|"
(조회기준일: 2023.08.24, 연이율, %)
신용대출
플러스	대출금리	연 5.30% ~ 15.00%
기준금리	기간별고정금리 (대출기간 1년 기준 3.90%)
가산금리	연 1.40% ~ 11.10%
마이너스
통장대출	대출금리	연 6.02% ~ 15.00%
기준금리	KORIBOR(직전3영업일평균), 연 3.68%
가산금리	연 2.34% ~ 11.32%
비상금
대출	대출금리	연 5.94% ~ 15.00%
기준금리	금융채연동금리(12개월) 3.90%
가산금리	연 2.04% ~ 11.10%
금리는 기준금리와 가산금리가 더해져서 계산됩니다.
변동금리(KORIBOR)의 경우 기준금리는 3개월마다 변동됩니다.
변동금리(금융채 연동)의 경우 기준금리는 12개월마다 변동됩니다.
고정금리의 경우 당행이 고시한 기간별 고정금리가 적용됩니다.
상기 금리는 신규대출 기준 예시이며, 실제 적용금리는 고객별 거래조건 및 신용상황에 따라 변동되어 대출 약정단계에서 확인 가능합니다.
이자 계산 방법
이자는 원금에 이율과 일 수를 곱한 후 365일(윤년 366일)을 나누어 계산(원단위 미만은 절사)합니다.
한도대출(마이너스통장방식)은 매일의 적수에 대하여 이자를 계산합니다.
매일의 적수 = 마감잔액 + (일중 최고잔액 – (개시잔액 또는 마감잔액 중 큰 금액))
단, 일괄 자동이체 후 상환금액이 있는 경우 상환금액(입금액)을 감안하여 일중 최고 잔액을 산출
일수 계산은 대출 실행일로부터 상환일(일부상환 포함) 전날까지로 계산합니다.
실행 당일 대출을 상환하는 경우에도 해당일에 발생한 이자를 납부하셔야 합니다.
상환시기 및 방법
상환일 : 대출실행 응당일 또는 고객님께서 지정하신 날에 매월 납부되며, 해당일이 없는 경우 그 달 말일에 납부됩니다. 단, 한도대출(마이너스 통장)의 경우는 대출실행 응당일에만 납부가능합니다.
고객님 본인 명의의 대출금 입금통장 또는 지정한 통장에서 자동 이체됩니다. 단, 한도대출(마이너스 통장)의 경우 한도 설정통장에서만 가능합니다.
원리금균등분할상환 : 대출금액과 이자금액의 합계액을 대출기간 개월 수로 균등하게 나누어 산정한 분할상환원리금을 매월 납부합니다.
한도대출(마이너스 통장) : 대출기간 중에는 대출 한도 내에서 수시로 상환 및 재사용이 가능하며 사용하신 대출잔액에 대해 매월 이자를 납부합니다. 대출기간 종료 시(만기일)에 대출잔액 및 상환시점 미납이자를 모두 상환합니다.
자세한 내용은 대출거래약정서의 실행 방법 및 이자 지급 방법 내용을 참고해주세요.
연체이자(지연배상금)
연체이자율: 대출이자율 + 연 3.00%
연체이자율의 최고율은 연 15.00%. 단, 대출이자율이 연 15.00% 이상일 경우에는 대출이자율에 연체가산이자율 연 2.00%를 가산하여 적용합니다.
금리인하요구권
아래의 기준에 따라 금리인하요구권을 신청할 수 있습니다.
본인의 신용상태가 개선되었다고 판단되는 경우(직장변동, 소득증가, 부채감소, 신용점수 상승 등)
신청방법 : 케이뱅크 앱 내 메뉴 > 대출관리 > 금리인하요구권

신청결과는 신청 시, 신청화면에서 즉시 확인이 가능합니다.

금리인하요구권이 승인되는 경우, 승인일 당일에 바로 적용됩니다.
※ 신용상태 개선을 확인하기 위해 필요한 자료의 제출을 요구할 수 있습니다.
※ 신용상태의 개선이 경미하여 금리인하 요구 인정 요건을 충족하지 못하는 경우 등 고객의 요구를 수용하지 않을 수 있습니다.

기준금리 및 기준금리의 변동주기, 만기일은 변동되지 않습니다.
    "
대출|비상금대출|"
대출금리 : 연 5.94% ~ 15.00%

(조회기준일: 2023.08.24, 연이율, %)
구분	적용금리
기준금리	금융채연동금리(12개월) (연 3.90%)
가산금리	연 2.04%~11.10%
금리는 기준금리와 가산금리가 더해져서 계산됩니다.
기준금리는 12개월마다 변동됩니다.
상기 금리는 신규대출 기준 예시이며, 고객별 실제 적용금리는 대출 약정단계에서 확인 가능합니다.
실제 적용금리는 고객별 거래조건 및 신용상황에 따라 달라질 수 있습니다.
이자 계산 방법
이자는 원금에 이율과 일 수를 곱한 후 365일(윤년 366일)을 나누어 계산(원단위 미만은 절사)합니다.
한도대출(마이너스통장방식)은 매일의 적수에 대하여 이자를 계산합니다.
매일의 적수 = 마감잔액 + (일중 최고잔액 – (개시잔액 또는 마감잔액 중 큰 금액))
단, 일괄 자동이체 후 상환금액이 있는 경우 상환금액(입금액)을 감안하여 일중 최고 잔액을 산출
일수 계산은 대출 실행일로부터 상환일(일부상환 포함) 전날까지로 계산합니다.
실행 당일 대출을 상환하는 경우에도 해당일에 발생한 이자를 납부하셔야 합니다.
상환시기 및 방법
이자 납부는 대출실행 응당일에 한도 설정 통장에서 자동이체됩니다.
고객님 본인 명의의 통장에서만 상환 가능합니다.
원금은 만기에 일시상환, 이자는 일정주기(매1개월 등) 단위로 납부
대출 실행일로 부터 매월 해당일(해당일이 없는 경우 그 달 말일), 말일이 대출 실행일인 경우 매월 말일마다 이자를 납입
자세한 내용은 대출거래약정서의 실행 방법 및 이자 지급 방법 내용을 참고해주세요.
연체이자(지연배상금)
연체이자율: 대출이자율 + 연 3.00%
연체이자율의 최고율은 연 15.00%. 단, 대출이자율이 연 15.00% 이상일 경우에는 대출이자율에 연체가산이자율 연 2.00%를 가산하여 적용합니다.
금리인하요구권
아래의 기준에 따라 금리인하요구권을 신청할 수 있습니다.
본인의 신용상태가 개선되었다고 판단되는 경우(직장변동, 소득증가, 부채감소, 신용점수 상승 등)
신청방법 : 케이뱅크 앱 내 메뉴 > 대출관리 > 금리인하요구권
신청결과는 신청 시, 신청화면에서 즉시 확인이 가능합니다.
금리인하요구권이 승인되는 경우, 승인일 당일에 바로 적용됩니다.
※ 신용상태 개선을 확인하기 위해 필요한 자료의 제출을 요구할 수 있습니다.

※ 신용상태의 개선이 경미하여 금리인하 요구 인정 요건을 충족하지 못하는 경우 등 고객의 요구를 수용하지 않을 수 있습니다.

기준금리 및 기준금리의 변동주기, 만기일은 변동되지 않습니다.
    "
대출|사잇돌대출|"
대출금리    
연 7.76% ~ 15.00%

(조회기준일: 2023.08.24, 연, %)
구분	적용금리
기준금리	금융채 연동금리
(6개월 3.81%, 12개월 3.90%)
가산금리	연 3.95%~11.19%
※ 금리산출방식 : 기준금리(금융채연동 6개월 또는 12개월 변동) + 가산금리 - 우대금리

※ 금융채 연동금리란, 금융투자협회에서 고시하는 매일의 기간별 금융채 금리를 최근 3영업일간 평균한 기간별(6개월~5년) 산출 금리입니다.

※ 기준금리는 고객님의 선택에 따라 6개월 또는 12개월마다 변동됩니다.

연체이자(지연배상금)
연체이자율: 대출이자율 + 연 3.00%
연체이자율의 최고율은 연 15.00%. 단, 대출이자율이 연 15.00% 이상일 경우에는 대출이자율에 연체가산이자율 연 2.00%를 가산하여 적용합니다.
금리인하요구권
아래의 기준에 따라 금리인하요구권을 신청할 수 있습니다.
본인의 신용상태가 개선되었다고 판단되는 경우(직장변동, 소득증가, 부채감소, 신용점수 상승 등)
신청방법 : 케이뱅크 앱 내 메뉴 > 대출관리 > 금리인하요구권

신청결과는 신청 시, 신청화면에서 즉시 확인이 가능합니다.

금리인하요구권이 승인되는 경우, 승인일 당일에 바로 적용됩니다.
※ 신용상태 개선을 확인하기 위해 필요한 자료의 제출을 요구할 수 있습니다.
※ 신용상태의 개선이 경미하여 금리인하 요구 인정 요건을 충족하지 못하는 경우 등 고객의 요구를 수용하지 않을 수 있습니다.

기준금리 및 기준금리의 변동주기, 만기일은 변동되지 않습니다.
    "
대출|대출갈아타기|"
대출금리
(조회기준일: 20230824, 연이율, %)
신용대출로
갈아타기	대출금리	연 6.70% ~ 11.52%
기준금리	금융채연동금리(3개월)
가산금리	연 3.01% ~ 7.83%
마이너스
통장대출로
갈아타기	대출금리	연 6.81% ~ 11.38%
기준금리	금융채연동금리(3개월)
가산금리	연 3.12% ~ 7.69%
금리는 기준금리와 가산금리가 더해져서 계산됩니다.
기준금리는 3개월마다 변동됩니다.
상기 금리는 신규대출 기준 예시이며, 실제 적용금리는 고객별 거래조건 및 신용상황에 따라 변동되어 대출 약정단계에서 확인 가능합니다.
이자 계산 방법
이자는 원금에 이율과 일 수를 곱한 후 365일(윤년 366일)을 나누어 계산(원단위 미만은 절사)합니다.
한도대출(마이너스통장방식)은 매일의 적수에 대하여 이자를 계산합니다.
매일의 적수 = 마감잔액 + (일중 최고잔액 - (개시잔액 또는 마감잔액 중 큰 금액))
단, 일괄 자동이체 후 상환금액이 있는 경우 상환금액(입 금액)을 감안하여 일중 최고 잔액을 산출
일수 계산은 대출 실행일로부터 상환일(일부상환 포함) 전날까지로 계산합니다.
실행 당일 대출을 상환하는 경우에도 해당일에 발생한 이자를 납부하셔야 합니다.
상환시기 및 방법
상환일 : 대출실행 응당일 또는 고객님께서 지정하신 날에 매월 납부되며, 해당일이 없는 경우 그 달 말일에 납부됩니다. 단, 한도대출(마이너스 통장)의 경우는 대출실행 응당일에만 납부가능합니다.
고객님 본인 명의의 대출금 입금통장 또는 지정한 통장에서 자동 이체됩니다. 단, 한도대출(마이너스 통장)의 경우 한도 설정통장에서만 가능합니다.
만기일시상환 : 대출기간 중에는 대출금액에 대해 매월 이자를 납부하고, 원금은 만기에 전액 상환합니다.
원리금균등분할상환 : 대출금액과 이자금액의 합계액을 대출기간 개월 수로 균등하게 나누어 산정한 분할상환원리금을 매월 납부합니다.
한도대출(마이너스 통장) : 대출기간 중에는 대출 한도 내에서 수시로 상환 및 재사용이 가능하며 사용하신 대출잔액에 대해 매월 이자를 납부합니다. 대출기간 종료 시(만기일)에 대출잔액 및 상환시점 미납이자를 모두 상환합니다.
자세한 내용은 대출거래약정서의 실행 방법 및 이자 지급 방법 내용을 참고해주세요.
연체이자(지연배상금)
연체이자율 : 대출이자율 + 연 3.00%
연체이자율의 최고율은 연 15.00%. 단, 대출이자율이 연 15.00% 이상일 경우에는 대출이자율에 연체가산이자율 연 2.00%를 가산하여 적용합니다.
금리인하요구권
아래의 기준에 따라 금리인하요구권을 신청할 수 있습니다.
본인의 신용상태가 개선되었다고 판단되는 경우(직장변동, 소득증가, 부채감소, 신용점수 상승 등)
신청방법 : 케이뱅크 앱 내 메뉴 > 대출관리 > 금리인하요구권
신청결과는 신청 시, 신청화면에서 즉시 확인이 가능합니다.
금리인하요구권이 승인되는 경우, 승인일 당일에 바로 적용됩니다.
신용상태 개선을 확인하기 위해 필요한 자료의 제출을 요구할 수 있습니다.
신용상태의 개선이 경미하여 금리인하 요구 인정 요건을 충족하지 못하는 경우 등 고객의 요구를 수용하지 않을 수 있습니다.
기준금리 및 기준금리의 변동주기, 만기일은 변동되지 않습니다.
    "
대출|사장님신용대출|"
대출금리
연 5.42% ~ 9.38%
(조회기준일: 2023.08.24, 연이율)
기준금리	CD연동대출금리(3개월)(3.70%)
3개월 마다 변동
가산금리	최저 1.72% ~ 최고 5.68%
금리는 기준금리와 가산금리가 더해져서 계산됩니다.
CD금리(91일물)는 금융투자협회에서 고시하는 일 별 ’91일물 양도성 예금 증서 금리’ 의 최근 3일(공휴일 제외 평일 기준)간의 평균을 계산하여 적용하는 금리입니다.
개인별 실제 금리는 대출 약정단계에서 확인 가능하며, 신용상황, 대출조건(기간 등)에 따라 달라질 수 있습니다.
이자 계산방법
이자는 원금에 이율과 일수를 곱한 후 365일(윤년 366일)을 나누어 계산(원단위 미만은 절사)합니다.
일수 계산은 대출 실행일로부터 상환일(일부 상환 포함) 전날까지로 계산합니다.
실행 당일 대출을 상환하는 경우에도 해당일에 발생한 이자를 납부하셔야 합니다.
상환시기 및 방법
원금과 이자 납부는 대출실행 응당일 또는 고객님께서 지정하신 날에 대출금이 입금된 통장 또는 지정한 통장에서 자동 이체됩니다.
고객님 본인 명의의 통장에서만 상환 가능합니다.
건별대출(만기일시상환) : 원금은 만기에 일시상환, 이자는 일정 주기(매1개월) 단위로 납부
건별대출(원리금균등분할상환) : 분할상환원금 및 이자를 일정주기(매1개월) 단위로 납부
자세한 내용은 여신거래약정서(기업용)의 실행 방법 및 이자 지급 방법 내용을 참고해주시기 바랍니다.
연체이자(지연배상금)
연체이자율: 대출이자율 + 연 3.00%
연체이자율의 최고율은 연 15.00%. 단, 대출이자율이 연 15.00% 이상일 경우에는 대출이자율에 연체가산이자율 연 2.00%를 가산하여 적용합니다.
금리인하요구권
본인의 신용상태가 개선되었다고 판단되는 경우(직장변동, 소득증가, 부채감소, 신용점수 상승 등) 금리인하요권을 신청할 수 있습니다.
신청방법 : 케이뱅크 앱 내 메뉴 > 대출관리 > 금리인하요구권
신청결과는 신청 시, 신청화면에서 즉시 확인이 가능합니다
금리인하요구권이 승인되는 경우, 승인일 당일에 바로 적용됩니다.
※은행은 신용상태 개선을 확인하기 위해 필요한 자료의 제출을 요구할 수 있습니다.
※ 은행은 신용상태의 개선이 경미하여 금리인하 요구 인정 요건을 충족하지 못하는 경우 등 고객의 요구를 수용하지 않을 수 있습니다.
기준금리 및 기준금리의 변동주기, 만기일은 변동되지 않습니다.
    "
대출|사장님보증서대출|"
대출금리
연 5.40%로 이용할 수 있어요.
(조회기준일: 2023.08.24, 연이율)
상품	적용금리
기준금리	CD연동대출금리(3개월)(3.70%)
3개월 마다 변동
가산금리	단일금리 1.70%
금리는 기준금리와 가산금리가 더해져서 계산됩니다.
CD금리(91일물)는 금융투자협회에서 고시하는 일 별 ’91일물 양도성 예금 증서 금리’의 최근 3일(공휴일 제외 평일 기준) 간의 평균을 계산하여 적용하는 금리입니다.
이 상품은 담보대출 상품으로, 금리인하요구권을 신청할 수 없습니다.
이자 계산방법
이자는 원금에 이율과 일수를 곱한 후 365일(윤년 366일)을 나누어 계산(원단위 미만은 절사)합니다.
원금균등분할상환 대출의 월별이자는 대출원금에 연이율을 곱한 후 12로 나누어 계산합니다.
일수 계산은 대출실행일로부터 상환일(일부상환 포함) 전날까지로 계산합니다.
실행 당일 대출을 상환하는 경우에도 해당일에 발생한 이자를 납부하셔야 합니다.
상환시기 및 방법
원금과 이자납부는 대출실행일에 지정한 통장에서 자동 이체됩니다.
고객님 본인 명의의 통장에서만 가능합니다.
이 상품은 정책자금대출 상품으로 중간에 납입일을 바꾸실 수 없습니다.
자세한 내용은 여신거래약정서(기업용)의 실행 방법 및 이자 지급 방법 내용을 참고해주시기 바랍니다.
연체이자(지연배상금)
연체이자율: 대출이자율 + 연 3.00%
연체이자율의 최고율은 연 15.00%. 단, 대출이자율이 연 15.00% 이상일 경우에는 대출이자율에 연체가산이자율 연 2.00%를 가산하여 적용합니다.
    "
카드|MY체크카드|"
혜택안내
매일매일 최대 5천원, 매월 최대 15.5만원까지 10가지 혜택 영역에서 결제할 때마다 최대 500원 캐시백

캐시백 대상 가맹점에서 최소 5천원 이상 결제 시, 최대 500원 캐시백이 지급됩니다.
전월 실적 조건없이 300원
전월 실적 30만원 이상 시 500원
캐시백은 각 영역별 1일 1회 기준으로 제공됩니다.
캐시백 대상 가맹점은 BC카드에 등록된 가맹점 업종을 기준으로 제공됩니다.
캐시백 영역 및 대상 가맹점
편의 ∙ 생활	GS25, CU, 세븐일레븐, 이마트24, 미니스톱, 올리브영, 다이소, 노브랜드
커피 ∙ 음료	스타벅스, 투썸플레이스, 메가커피, 이디야, 빽다방, 공차, 매머드커피
패스트푸드	맥도날드, 롯데리아, 버거킹, 서브웨이, KFC, 맘스터치, 쉐이크쉑
베이커리 ∙ 디저트	파리바게뜨, 던킨도너츠, 뚜레쥬르, 이삭토스트, 배스킨라빈스, 설빙
패션	지그재그, 무신사, 에이블리, 브랜디, SSF, W컨셉, ZARA
영화	CGV, 롯데시네마, 메가박스
도서	교보문고, 영풍문고, 알라딘, Yes24
택시	카카오택시, 타다
OTT	넷플릭스, 유튜브 프리미엄
어학	TOEIC (TOEIC 등 어학시험)
캐시백 지급은 동일 매출 접수일별로 금액이 합산되어 1일 1회 결제계좌로 입금됩니다.
캐시백은 국내거래에만 적용됩니다.
전월 실적 산정 시 해외가맹점 이용금액, 철도 승차권, 대학등록금, 아파트관리비, 상품권 및 기프트카드 결제금액, 각종 수수료, 이자, 제세공과금, 사회보험료, 해외 및 교통카드 이용금액, 임대료는 제외됩니다.
카드 매출 취소 시 해당 캐시백 금액은 결제계좌에서 환수되며, 취소 금액은 취소매출이 접수된 달의 실적에서 차감됩니다.
가맹점 폐점 등의 불가피한 사유로 부가서비스가 변경되는 경우에는 부가서비스 변경 사유, 변경 내용 등을 사유발생 즉시 고지해드립니다.
(개별고지 방법 : 카드대금청구서, 우편, 이메일, 휴대폰 문자메시지,카카오톡 알림톡 중 하나)
간편결제로 이용 시 일부 가맹점에서 캐시백이 적용되지 않을 수 있으므로 일반 결제를 권장 드립니다.
백화점, 할인점, 쇼핑몰, 공항, 철도역사, 푸드코트 등에 입점한 임대매장인 경우 캐시백 대상에서 제외될 수 있습니다.
상품권(선불카드 충전) 구매 결제는 캐시백 대상에서 제외됩니다.
일부 브랜드 자체 앱 결제(오더/딜리버리 서비스 등) 및 기타 온라인 결제 시 캐시백 대상에서 제외될 수 있습니다. (예. '해피오더' 앱을 통한 주문/결제 시 캐시백 대상에서 제외됩니다.)
CGV, 롯데시네마, 메가박스 내 매점 결제 건은 캐시백 대상에서 제외됩니다.
넷플릭스, 유튜브 프리미엄의 경우 공식 앱 및 홈페이지를 통해 직접 신청한 정기 결제 건에 한하여 캐시백이 제공됩니다. (온라인 간편결제 및 1회성 일반구매 또는 앱스토어를 통한 인앱 결제 건 등은 제외)
어학시험 응시료의 경우, 와이비엠넷을 통한 응시료 결제 시 캐시백이 제공됩니다.
BC의 가맹점 정책에 따라 가맹점의 주요 서비스 외 멤버십 및 구독 수수료 결제는 캐시백이 적용되지 않을 수 있습니다.
Pay서비스 자동등록 이용안내
신청 시 카카오페이, 페이북 등에 자동 등록되어 바로 사용 가능합니다.
※ 일부 Pay서비스의 경우 해당 서비스 정책에 따라 추가 절차가 필요할 수도 있습니다.
해외이용안내
해외이용금액에 국제브랜드사(VISA)가 부과하는 국제브랜드 수수료(이용금액의 1.1%)와 카드 승인시점(무승인 건은 접수 시점)기준 대외결제은행의 전신환매도율을 적용 후, 당행이 부과하는 해외서비스 수수료(이용금액의 0.25%, 국제브랜드 수수료 제외)가 추가된 금액이 청구됩니다. 제3국 통화(KRW 거래 포함)는 미국달러로 환산되어 적용됩니다.
ATM현금인출 시에는 인출금액에 국제브랜드 수수료(VISA 1.1%)를 포함하여 거래건당 $3의 해외서비스수수료가 추가된 금액이 청구됩니다. 또한 별도 현지 ATM수수료 및 조회 수수료가 부과될 수 있습니다.
해외에서 원화로 결제 시, 해외가맹점에서 현지통화를 원화로 전환하는 과정에서 추가 수수료를 부과하는 경우가 있으니 해외에서는 원화가 아닌 '현지통화'로 결제하시길 권장해 드립니다.
국제카드사가 정한 항공, 렌터카, 호텔, 무인주유기 등 여행 및 여가 관련 업종 (T&E: Travel & Entertainment 업종)은 이용이 불가합니다.
후불교통카드 이용안내 (BC카드 제휴)
이용한도 : 버스, 지하철 등 대중교통에서 월 30만원까지 이용가능합니다.
이용대금 결제 : 전월 2일부터 당월 1일까지 이용한 누적금액을 매월 15일 20시 (공휴일인 경우 익영업일) 월 1회 결제계좌에서 자동출금합니다.
※ 교통카드 사업자별 이용내역 전달 일정에 따라, 청구월은 변동 될 수 있습니다.
이용대금 연체 : 15일 당일 결제대금이 출금되지 않을 경우, 연체료가 부과되며 연체이율은 연 9%입니다.
연체대금 결제 : 15일 다음날부터 매 영업일 20시 자동 재출금 시도되며, 직접 납부를 원하시는 고객님은 BC카드 홈페이지에서 납부 가능합니다.
※ BC카드 홈페이지(http://www.bccard.com) > 고객센터 > 카드이용안내 > 연체대금 즉시입금 (회원 가입 또는 로그인 후 이용가능)
이용 제한사항 : 분실, 한도초과 등 사고 등재(해제) 사유 발생 시, 해당 정보는 각 교통기관에 전달되며 사유발생일로부터 평균 2~3영업일이 소요됨에 따라 이용이 제한될 수 있습니다.
발급이용안내
연회비 : 없음
브랜드 : 해외겸용(VISA)
발급대상 : 만 17세 이상 케이뱅크 계좌 보유 고객 (가족카드 불가)
결제계좌 : 케이뱅크 계좌 한정 (계좌에 출금 가능 금액 부족 시 카드 사용 불가)
온라인 결제 : 결제 카드사는 '케이뱅크' 또는 '비씨카드' 선택
    "
카드|플러스체크카드|"
이용 실적 조건은 물론 캐시백 한도 없이 국·내외 모든 가맹점에서 0.3% 캐시백
실적 조건 및 캐시백 한도 없이 국내외 모든 가맹점에서 0.3% 캐시백이 지급됩니다.
캐시백률은 결제 건당 적용되며 1원 미만은 절사됩니다.
캐시백 지급은 동일 매출 접수일별로 금액이 합산되어 1일 1회 결제계좌로 입금됩니다.
국내 가맹점 이용금액 중 대학등록금, 아파트관리비, 상품권 및 기프트카드 결제금액, 각종 수수료, 이자, 제세공과금, 사회보험료, 교통카드 이용금액은 캐시백 대상에서 제외됩니다.
모바일카드 이용안내
신청 시 Pay서비스에 자동 등록되어 바로사용이 가능합니다.
※ 일부 Pay서비스의 경우 해당 서비스 정책에 따라 추가 절차가 필요할 수도 있습니다.
당행에서 자동 등록되는 경우(삼성페이, 카카오페이 등) 외에도 Pay서비스에서 직접 등록하여(네이버페이 등) 이용할 수 있습니다.
실물카드는 배송되지 않으며, 모바일카드로 현금카드 및 후불교통 기능은 이용할 수 없습니다.
※ 실물카드 없이도 무카드거래를 이용하면 전국 GS25 CD/ATM 에서 수수료 없이 현금 출금할 수 있습니다.
모바일카드 발급 후 2년 이내에는 실물카드 신청이 가능합니다.
유의사항
카드 매출 취소시 해당 캐시백 금액은 결제계좌에서 환수됩니다.
해외 가맹점 이용금액은 당행 매출전표 접수일자 기준으로 합산하여 산정합니다.
해외이용안내
해외이용금액에 국제브랜드사(VISA)가 부과하는 국제브랜드 수수료(이용금액의 1.1%)와 카드 승인시점(무승인 건은 접수 시점) 기준 대외결제은행의 전신환매도율을 적용 후, 당행이 부과하는 해외서비스 수수료(이용금액의 0.25%, 국제브랜드 수수료 제외)가 추가된 금액이 청구됩니다. 제3국 통화(KRW 거래 포함)는 미국달러로 환산되어 적용됩니다.
ATM현금인출 시에는 인출금액에 국제브랜드 수수료 (VISA 1.1%)를 포함하여 거래건당 $3의 해외서비스수수료가 추가된 금액이 청구됩니다. 또한 별도 현지 ATM수수료 및 조회 수수료가 부과될 수 있습니다.
해외에서 원화로 결제 시, 해외가맹점에서 현지통화를 원화로 전환하는 과정에서 추가 수수료를 부과하는 경우가 있으니 해외에서는 원화가 아닌 ‘현지통화’로 결제하시길 권장해 드립니다.
국제카드사가 정한 항공, 렌터카, 호텔, 무인주유기 등 여행 및 여가 관련 업종 (T&E: Travel & Entertainment 업종)은 이용이 불가합니다.
후불교통카드 이용 안내 (BC카드 제휴)
이용한도 : 버스, 지하철 등 대중교통에서 월 30만원까지 이용가능합니다.
이용대금 결제 : 전월 2일부터 당월 1일까지 이용한 누적금액을 매월 15일 20시 (공휴일인 경우 익영업일) 월 1회 결제계좌에서 자동출금합니다.
※ 교통카드 사업자별 이용내역 전달 일정에 따라, 청구월은 변동될 수 있습니다.
이용대금 연체 : 15일 당일 결제대금이 출금되지 않을 경우, 연체료가 부과되며 연체이율은 연 9%입니다.
연체대금 결제 : 15일 다음날부터 매 영업일 20시 자동 재출금 시도되며, 직접 납부를 원하시는 고객님은 BC카드 홈페이지에서 납부 가능합니다.
※ BC카드 홈페이지(https://www.bccard.com) > 고객센터 > 카드이용안내 > 연체대금 즉시입금 (회원 가입 또는 로그인 후 이용가능)
이용 제한사항 : 분실, 한도초과 등 사고 등재(해제) 사유 발생 시, 해당 정보는 각 교통기관에 전달되며 사유발생일로부터 평균 2~3영업일이 소요됨에 따라 이용이 제한될 수 있습니다.
발급이용안내
연회비 : 없음
브랜드 : 해외겸용(VISA)
발급대상 : 만 17세 이상 케이뱅크 계좌 보유 고객 (가족카드 불가)
결제계좌 : 케이뱅크 계좌 한정 (계좌에 출금 가능 금액 부족 시 카드 사용 불가)
온라인결제 : 결제 카드사는 ‘케이뱅크’ 또는 ‘비씨카드‘ 선택
    "
카드|KT멤버십더블혜택체크카드|"
KT멤버십 할인 받고, 차감된 멤버십 포인트 만큼 한번 더 캐시백
전월
이용금액	더블 할인 캐시백 한도	통신요금 캐시백률/한도	총
캐시백 한도
영화/외식
영역	편의점/쇼핑
영역	캐시백률	캐시백 한도
20만원 이상	5천원	5천원	5%	5천원	1만 5천원
50만원 이상	1만원	1만원	10%	1만원	3만원
100만원 이상	2만원	2만원	20%	2만원	6만원
※ KT멤버십 가맹점 중 영화/외식 영역은 영화/음식/베이커리/카페 업종, 편의점/쇼핑 영역은 편의점/쇼핑/문화/레져 업종을 포함합니다.

해당카드로 KT멤버십 할인적용 및 잔여금액 결제를 동시에 진행한 건들에 대해 차감된 멤버십 포인트 만큼 결제계좌로 캐시백 됩니다. 단, 결제가 동반되지 않은 할인, 쿠폰할인은 제외 됩니다.
온라인에서 이용 시에는 멤버십 카드번호 입력란에 해당 카드번호를 입력하셔야 하며 멤버십 앱 등에서 별도 카드번호 입력 없이 할인 적용하는 건들에 대해서는 해당카드로 잔여금액을 결제하는 것 만으로도 캐시백 됩니다.
이번달 1일부터 말일까지 해당카드로 멤버십할인 받은 건에 대한 캐시백은 다음달 3일에 지급 됩니다.
멤버십 사용 취소 시 캐시백된 금액은 환수되며. 환수절차는 취소 매출표 접수일 기준 다음달 캐시백 금액에서 차감 후 부족한 금액은 결제계좌에서 출금 합니다.
KT유∙무선 통신요금 5~20% 캐시백
캐시백 대상 : 이동통신, 인터넷, IPTV, 집전화, 인터넷전화, 유무선 결합 상품, 와이브로
전월 이용금액	캐시백률	캐시백 한도
20만원 이상	5%	
5천원
50만원 이상	10%	
1만원
100만원 이상	20%	
2만원
매월 해당카드로 자동이체 결제된 KT유무선 통신요금 1건에 대해 적용되며 1원 미만은 절사 후 결제계좌로 캐시백 됩니다.
이번달 1일부터 말일까지 결제된 통신요금에 대한 캐시백은 다음달 3일에 지급 됩니다.
여러 건의 자동이체 통신요금이 결제될 경우 당행에 먼저 접수되는 요금에 대해 캐시백 적용 됩니다.
통신요금 결제 건이 여러 건일 경우 자동이체 결제시기를 달리하여 캐시백 대상 통신요금이 먼저 결제 되도록 조정하시기 바랍니다.
유의사항
카드 사용등록일(페이북 등록 등)부터 다음달 말일까지는 이용실적이 없더라도 20만원 실적구간 캐시백률 및 캐시백 한도가 적용되며, 전월이용실적이 20만원을 넘는 경우는 해당 실적구간 캐시백률 및 캐시백 한도가 적용됩니다.
전월이용금액은 전월 1일부터 말일까지 국내가맹점 이용금액을 합산하여 산정하며 전월이용금액 산정 시 대학등록금, 아파트관리비, 상품권 및 기프트카드 결제금액, 제세공과금, 사회보험료, 교통카드 이용금액은 제외 됩니다
해외 결제 및 ATM 인출수수료 무료
구분	해외서비스 수수료
해외가맹점 결제 시	결제금액의 0.25% 무료
해외ATM 인출 시	인출 건당 $3 무료
KT멤버십 제휴가맹점 할인
기존 KT멤버십카드와 이용방법이 동일하며 동일한 멤버십 서비스가 제공 됩니다. 단, 제휴사의 사정에 의해 일부 가맹점에서는 멤버십 사용이 불가 할 수 있습니다.
더블혜택 체크카드는 기존 멤버십 카드(모바일 바코드 포함)와 혼용하여 사용하실 수 있습니다. 단, 카드혜택은 더블혜택 체크카드를 통한 KT멤버십 서비스 이용 시에만 받으실 수 있습니다.
더블혜택 체크카드의 멤버십 기능은 최초 발급의 경우 발급 신청 다음날부터 이용 가능하며 재발급의 경우 카드 사용등록 이후부터 이용이 가능합니다.
KT멤버십 회원 탈회 시 에는 멤버십 더블혜택은 받으실 수 없으며 탈회 후 재가입할 경우에는 기존 사용카드 해지 후 신규 발급하셔야 정상적으로 카드혜택을 받으실 수 있습니다.
KT멤버십 가입 및 이용 관련 정보는 KT홈페이지(kt.com)에서 확인 가능합니다.
POP CARD 할인 및 GS&POINT 적립
GS25편의점, GS수퍼마켓, GS fresh 등 POP CARD 제휴처에서 행사상품 할인 혜택이 제공됩니다.
GS칼텍스, GS리테일, GS SHOP 등 GS&POINT 제휴처에서 통합 포인트 적립 혜택이 제공됩니다.
POP CARD 관련 정보는 popcard.co.kr에서 확인 가능하며 GS&POINT 적립 관련 정보는 gsnpoint.com에서 확인 가능합니다.
    "
카드|HITEEN카드|"
발급대상
Hi teen을 보유한 본인 회원
서비스한도
Hi teen 카드 이용한도 : 일 50만원, 월 200만원
※ Hi teen 카드 이용한도와 Hi teen 이용한도는 각각 관리됩니다.

※ Hi teen 카드 이용한도에 포함되는 금액은 Hi teen 카드를 통한 결제금액입니다.

발급수수료
3,000원 (최초 발급은 무료)
선불 캐시비 이용안내
캐시비 충전 제휴처 등을 통해 현금으로 충전 가능합니다.
잔액 및 이용내역 조회, 문의사항 등은 캐시비 고객센터(1644-0006) 또는 캐시비 모바일앱/홈페이지에서 확인 가능합니다.
Hi teen 카드 분실/도난 시 캐시비 잔액 환불은 불가합니다.
안내사항
온라인 결제시에는 ""케이뱅크"" 또는 ""BC카드""를 선택하여 결제 가능합니다.
기타 페이서비스에 Hi teen 카드를 등록하여 결제 가능합니다.
가까운 ATM에서 현금을 입금하거나 출금할 수 있습니다.
Hi teen의 잔액범위 내에서 Hi teen 카드를 이용할 수 있습니다.
Hi teen 카드의 이용한도는 매월 1일 기준으로 초기화되며, 해당 한도 내에서만 결제가 가능합니다.
청소년 유해에 해당하는 일부 업종에서는 카드 이용이 제한됩니다. (제한업종 : 주점 및 성인업종 등, 카드 대행사 가맹점 정책 기준)
Hi teen 카드는 타인에게 대여 및 양도가 불가능합니다.
Hi teen 카드는 국내전용으로, 미국 달러화 등 해외 통화로 결제되는 가맹점에서는 이용할 수 없습니다.
매일 00시 00분 ~ 00시 05분에는 은행 전산 시스템 점검으로 인해 카드 이용이 제한될 수 있습니다.
Hi teen 카드는 유효기간이 만료되면 갱신되지 않습니다.
Hi teen 상품혜택
편의점업종에서 결제금액 상관없이 이용할 때마다 100원씩 최대 10회 캐시백
동일 브랜드별 1일 1회
캐시백 대상 편의점 브랜드 : GS25, CU, 세븐일레븐, 이마트24, 미니스탑
캐시백 입금 : 2영업일 이내
전월실적 상관없이 혜택 제공
온라인 업종에서 결제금액 상관없이 이용할 때마다 100원씩 최대 5회 캐시백
1일 횟수 제한 없음
캐시백 입금 : 2영업일 이내
전월실적 상관없이 혜택 제공
예시) 네이버웹툰 쿠키 100원 결제시 → 온라인 결제로 적용되어 100원 캐시백 지급
전월(1일~말일)실적 10만원 이상 및 5회 이상 결제 시 500원 캐시백
모든 매출을 실적 및 횟수로 인정 (단, 캐시비 선불교통 충전 및 이용금액은 실적에 포함되지 않음)
캐시백 입금 : 익월 10일 이내
캐시백은 Hi teen으로 ""H워얼V""라는 이름으로 입금처리됩니다.
캐시백 처리된 카드매출이 취소될 경우 캐시백 금액은 취환불 금액에서 차감됩니다.
재발급 등의 사유로 인한 카드 발급수수료는 Hi teen에서 즉시 출금됩니다.
캐시백 지급일은 당행의 사정에 의해 변경될 수 있습니다.
* 더 구체적인 내용은 케이뱅크 하이틴 (Hi teen) 카드 상품 설명서 및 이용약관을 반드시 확인해 주시기 바랍니다.
    "
