예금 · 적금|[듀얼K입출금통장] 듀얼K 입출금통장의 '남길금액'과 '플러스박스'는 어떤 점이 다른가요?|"듀얼K입출금통장 (남길금액):
여유자금을 남길금액으로 설정하고 한달 동안 잔액을 유지하면 우대금리를 받을 수 있습니다.
(듀얼K 입출금통장 신규판매가 중단된 이후에는 기존 듀얼K 입출금통장 가입 고객만 이용이 가능합니다.)

플러스박스 (파킹통장):
① 여유자금을 플러스박스에 보관하시면 하루만 맡겨도 이자를 드립니다.
② 플러스박스 보관금액은 언제든지 자유롭게 변경할 수 있으며, 매월 넷째주 토요일에 이자가 지급됩니다.
③ 잠시 이용을 원치 않으신다면 보관금액을 0원으로 변경하셨다가 필요 시에 재이용 하시면 됩니다.

"
예금 · 적금|[듀얼K입출금통장] 듀얼K 입출금통장의 '남길금액'과 '플러스박스'를 동시에 이용할 수 있나요?|듀얼K 입출금통장을 보유하신 고객은 남길금액과 플러스박스(파킹통장)를 동시에 이용할 수 있습니다.
예금 · 적금|[플러스박스(파킹통장)] 입출금 통장별로 플러스박스를 만들 수 있나요?|"네 가능합니다. 플러스박스는 고객님이 보유하신 입출금통장과 연결하여 1인 최대 10계좌까지 가능합니다. (입출금통장별로 플러스박스 연결 가능 또는 하나의 입출금통장에서 다수의 플러스박스 연결 가능)
(경로: 케이뱅크 앱 > 하단 '상품' > 예적금 > 플러스박스)"
예금 · 적금|[플러스박스(파킹통장)] 듀얼K 입출금통장에 플러스박스를 연결할 수 있나요?|"네 가능합니다.
고객님이 보유하신 당행 입출금통장에 플러스박스를 연결할 수 있습니다.
(경로: 케이뱅크 앱 > 하단 '상품' > 예적금 > 플러스박스)"
예금 · 적금|[플러스박스(파킹통장)] 입출금통장 잔액이 부족하면 플러스박스 잔액에서 자동으로 출금 되나요?|"아니요. 자동으로 출금되지 않습니다.
플러스박스 보관금액은 연결된 입출금통장 잔액과 분리되어 있습니다.
자금이 필요 시에 언제든지 플러스박스 보관금액에서 출금할 수 있습니다.
(경로: 케이뱅크 앱 > 하단 '상품' > 예적금 > 플러스박스)"
예금 · 적금|[듀얼K입출금통장] 남길금액 사용중인데 어디서 확인하나요?|"계좌 관리 페이지에서 확인 가능합니다.

(경로: 케이뱅크 앱 > 하단 '전체' > 내 자산 > 예금 > 입출금통장 선택 > 우측 상단 '관리' > 계좌관리 > 남길금액 설정 )"
예금 · 적금|[플러스박스(파킹통장)] 연결통장에서 플러스박스로 자동이체 신청하면 언제 자동출금 되나요?|플러스박스 자동이체는 오전 7시 30분부터 순차적으로 실행됩니다. 단, 잔액 부족 등으로 자동이체가 처리되지 않은 경우, 오후 4시 이후에 한번 더 실행됩니다.(이체 지정일 당일에만 출금 시도)
예금 · 적금|[플러스박스(파킹통장)] 플러스박스 계좌별로 3억까지 입금 가능한가요?|"아니요. 보유한 플러스박스 계좌 잔액을 모두 합산하여 인당 최대 3억원까지 입금 가능합니다.
(경로: 케이뱅크 앱 > 하단 '상품' > 예적금 > 플러스박스)"
예금 · 적금|[상품가입] 적금을 가입하고 싶은데 상품 추천해주세요|"내용:
특징

주거래우대
자유적금:
급여 또는 통신비이체, 체크카드 사용 고객을 위한
고금리 적금

코드K
자유적금:
복잡한 조건 없이 간편한 자유적금

"
예금 · 적금|[우대금리] 주거래우대 예금 · 적금 급여이체 실적 인정기준이 어떻게 되나요?|"적요 또는 입금통장 표시내역:
급여

"
예금 · 적금|[계좌개설] 계좌개설이 왜 안되나요?|금융권 공통으로 대포통장 근절 및 전화금융사기(보이스피싱) 예방을 위해, 당행 또는 타금융기관에서 20영업일 이내 입출금통장을 개설한 이력이 있는 경우(단기간다수계좌개설) 계좌개설이 제한됩니다. 마지막 개설일 다음날부터 20영업일 이후 개설이 가능합니다.
예금 · 적금|[이체한도] 급여이체를 하면 한도제한이 풀리나요?|"급여가 입금되더라도 한도가 자동으로 풀리지는 않습니다.
고객님의 편안한 금융거래를 위한 '통장한도 풀기'를 안내드립니다.
(경로: 케이뱅크 앱 > 하단 '전체' > 고객센터 > 통장한도 풀기)

■ 서류제출 필요없는 공공마이데이터 이용하기
- 고객센터 > 통장한도 풀기 > 공공마이데이터 동의 > 인증
 
■ 사진으로 증빙서류 제출하기  
- 건강보험자격득실확인서
- 사업자등록증명원
- 관리비 고지서 등

■ 공동인증서로 인증하기(직장인)
- 공동인증서 등록 > 직장인 간편인증


 * 공공마이데이터 동의 또는 직장인 간편인증 진행 시, 한도 제한 즉시 해제
* 증빙서류 제출 시, 평일 기준 최대 3일의 처리시간 소요"
예금 · 적금|[우대금리] 주거래우대 자유적금의 우대금리 요건이 어떻게 되나요?|"충족 요건:
급여이체 또는 통신비 자동이체
* 2가지 모두 달성해도 0.3% 적용

금리:
0.3%

"
예금 · 적금|[우대금리] 주거래우대상품의 실적충족 여부는 어디서 확인하나요?|"케이뱅크 앱을 통해 확인 가능합니다.
(경로: 케이뱅크 앱 > 하단 '전체' > 내 자산 > 예금 > 해당 계좌 선택 > 우측 상단 '관리')"
예금 · 적금|[우대금리] 주거래우대 자유적금 우대조건 중 통신비 자동이체는 본인명의만 인정되나요?|"명의자와 관계없이 케이뱅크 입출금통장 또는 케이뱅크 카드에서 통신비(인터넷, TV요금 포함) 자동이체 내역이 있는 경우 우대금리 적용을 받습니다.

* 통신요금 자동이체 등록은 해당 통신사를 통해 신청
* 알뜰폰 혹은, 'KT', 'SKT', 'LGU+'외 다른 회사명으로 이체되는 경우 실적인정 불가"
예금 · 적금|[공통] 예금자보호되는 금액이 궁금해요|"개별 금융회사별로 1인당 *원금과 이자를 합쳐 5천만원까지 보호합니다.
예금보호 대상 금융상품으로 운용되는 확정기여형퇴직연금제도(DC형) 및 개인형퇴직연금제도(IRP) 적립금은 합산하여 가입자 1인당 최고 5천만원까지 예금과 별도로 보호됩니다.

* 약정이자와 공사가 결정한 이자(예보가 시중은행 1년 만기 정기예금의 평균금리를 감안하여 정한 이자)중 적은 금액"
예금 · 적금|[상품해지] 보유한 예금 · 적금 상품의 만기가 공휴일인경우, 전날 해지해도 만기이자를 받나요?|"만기 전 영업일 해지 시에는 중도해지 처리되어 만기이자를 적용받을 수 없고, 상품별 중도해지 금리가 적용됩니다. 예금 · 적금 만기 전 급한 자금이 필요할 경우, 해지 없이 부분인출할 수 있습니다.

(경로: 케이뱅크 앱 > 하단 '전체' > 내 자산 > 예금 > 해당 계좌 선택 > 우측 상단 '관리' > 부분인출)


* 상품 가입 기간 내 2회 부분인출 가능
* 질권설정(담보대출 등)이 되어있는 예금 · 적금은 부분인출 불가"
예금 · 적금|[지급정지] 압류/지급정지가 왜 되었는지 알려주세요. 해제는 어떻게 하나요?|"계좌 압류 해제는 해당 기관으로부터 공문을 수신받아 확인 후, 해제처리를 하고 있습니다.
따라서 공문 수신 및 처리까지 시간이 소요될 수 있으며, 압류/지급정지 상세확인(등록일, 의뢰인명, 사고사유 등)은 케이뱅크 앱을 통해 조회할 수 있습니다.
 (경로: 케이뱅크 앱 > 하단 '전체' > 내 자산 > 예금 > 해당 계좌 선택 > 우측 상단 '관리' > 특이사항)




* 압류 계좌는 출금/해지 불가
* 신규 계좌개설은 가능하나 압류/지급정지 될 수 있음"
예금 · 적금|[상품가입] 정기예금 자동재예치가 무엇인가요?|"가입된 예금의 만기 도래 시, 자동으로 재예치되는 것을 말합니다. (최대 2회까지)

■ 자동재예치되는 금액
- 최초 상품가입 시점에 선택한 사항으로 재예치 됨
- 「원금」 또는 「원금+이자」 중 선택 가능"
예금 · 적금|[알림서비스] 월정액 입출금통지서비스를 신청을 했는데 거래가 한건도 없어요. 그래도 수수료가 출금되나요?|"입출금통지서비스를 신청하셨다면 거래여부와 관계없이, 신청 다음월 1일에 출금됩니다.
(경로: 케이뱅크 앱 > 하단 '전체' > 내 자산 > 예금 > 해당 계좌 선택 > 우측 상단 '관리' > 서비스 > 입출금통지)"
예금 · 적금|[계좌관리] 자주쓰는 입금(이체)계좌 등록/삭제 방법이 궁금해요.|"케이뱅크 앱을 통해 등록/수정/삭제를 할 수 있습니다.
(경로: 케이뱅크 앱 > 이체하기 > 하단 '자주 보내는 계좌 관리')"
예금 · 적금|[계좌관리] 계좌숨기기 기능이 무엇인가요?|"계좌목록에 해당 계좌를 보이지 않게 하고, 계좌 조회 및 거래내역 등을 조회할 수 없도록 하는 서비스입니다
(경로: 케이뱅크 앱 > 하단 '전체' > 계좌 > 계좌숨기기)


■ 숨기기 가능 상품
- 입출금통장
- 예금·적금
- 대출



* 이용 시 OTP 필수
* 숨김계좌 설정 시 계좌 및 거내래역 조회 불가 숨기기 해제 후 조회 가능
* 연락처로 돈보내기, 체크카드 조회, 대출 신청 등 일부 메뉴에서 계좌가 노출 될수 있음"
예금 · 적금|[계좌관리] 케이뱅크 탈퇴 어떻게 하나요?|"회원 탈퇴는 케이뱅크 앱을 통해 직접할 수 있고, 다음 순서로 진행하시면 됩니다.
(고객센터를 통한 회원탈퇴 불가)

■ 회원탈퇴 절차
1. 오픈뱅킹(다른금융) 해제
2. 카드 해지
3. 예금·적금 해지
4. 대출 상환
5. 회원탈퇴"
예금 · 적금|[공통] 조세특례제한법 개정에 따른 비과세종합저축 변경 사항은 무엇인가요?|2021년 1월 1일 이후 신규 가입‧연장하는 계좌의 가입일 또는 연장일이 속한 과세기간의 직전 3개 과세기간 중 1회 이상 금융소득종합과세 대상자(소득세법 제14조제3항제6호에 따른 이자‧배당소득의 합계액이 종합과세기준금액 2천만원을 초과한 자)는 조세특례적용에서 제한하고 적용기한을 2022년 12월 31일까지로 연장합니다.
예금 · 적금|[공통] 만기 후 자동재예치되는 상품을 비과세종합저축으로 가입한 경우 어떻게 적용되나요?|예금·적금 상품 가입 시 자동재예치를 신청했다면, 재예치 되는 금액도 비과세로 가입됩니다.
예금 · 적금|[공통] 비과세종합저축 가입대상 확인 결과 부적격자로 판명될 경우, 모든 비과세종합저축이 해지되나요?|"2021년 1월 1일 이후 신규 가입·연장하는 계좌가 가입요건 부적격으로 판명될 경우 해지되며, 해지란 실제 해당 계좌를 해지하는 것이 아닌 비과세 혜택을 배제하고 일반과세로 전환하는 것을 의미합니다.

2020년 개설된 비과세종합저축의 경우 신규 가입분만 적용(연장은 제외)됩니다."
예금 · 적금|[계좌개설] 미성년자도 주식계좌를 개설할 수 있나요?|주식계좌 개설은 국내 거주 만 19세 이상 내국인만 가능합니다.
예금 · 적금|[상품가입] 미성년자도 적금이나 정기예금을 가입할 수 있나요?|"케이뱅크 입출금 계좌를 보유한 미성년자 고객은 추가서류 제출 없이 예금·적금 상품 가입이 가능합니다.
(경로: 케이뱅크 앱 > 하단 '상품' > 예적금)"
예금 · 적금|[계좌개설] 미성년자 한도계좌란 무엇인가요?|"만 19세 미만의 미성년자가 케이뱅크 입출금통장을 개설하는 경우 금융사고 방지를 위해 「미성년자 한도계좌」로 운영됩니다.

한도계좌를 해제하기 위해서는 케이뱅크 앱에서 금융거래목적 확인을 위한 증빙서류 제출 후 한도계좌를 해제하실 수 있습니다.
(경로: 케이뱅크 앱 > 하단 '전체' > 고객센터 > 통장한도 풀기)

■ 미성년자 한도계좌의 이체 및 출금한도
- 모바일앱/웹 이체한도 : 1일 최대 50만원
- 자동화기기 이체 및 인출한도 : 1일 최대 50만원"
예금 · 적금|[계좌개설] 미성년자도 케이뱅크 계좌를 개설할 수 있나요?|"만 17세 이상부터 케이뱅크 계좌를 개설하실 수 있습니다. 계좌를 개설하기 위해서는 본인 인증이 가능한 본인명의 휴대폰 또는 인증서와 신분증 (주민등록증, 운전면허증)이 필요합니다.

(경로: 케이뱅크 앱 > 하단 '상품' > 예적금 > MY 입출금통장)"
예금 · 적금|[상품해지] 미성년자의 예·적금 만기 시 해지 처리 방법에 대해 알려주세요|"적금은 만기 시 자동해지 처리되며 예금은 만기해지방법으로서 재예치 또는 자동해지를 선택할 수 있습니다. 자동해지를 선택하면 만기일에 자동해지되어 케이뱅크 본인 명의의 입출금 계좌(가입시점의 출금계좌)로 원금과 이자가 입금됩니다.

* 질권설정, 압류 등 출금제한이 등록된 경우, 만기 시 자동해지가 불가할 수 있음"
예금 · 적금|[상품해지] 미성년자의 입출금 계좌 해지 처리 방법이 궁금해요.|"예금해지 메뉴에서 인증서 (또는 바이오인증) 및 전화인증(2채널 ARS)으로 본인확인 후 해지 처리하시면 됩니다.
(경로: 케이뱅크 앱 > 하단 '전체' > 내 자산 > 예금 > 입출금통장 > 계좌관리 > 해지신청)

>> 예금 해지 바로가기"
예금 · 적금|[지급정지] 압류방지통장을 만들 수 있나요?|"케이뱅크에서는 압류방지통장 계좌를 개설할 수 없습니다.
다른 금융기관을 통해 문의해 주세요."
예금 · 적금|[챌린지박스] 챌린지박스는 얼마까지 입금할 수 있나요?|"챌린지박스 1계좌당 500만원까지 입금가능합니다.(1인 최대 10계좌)
(경로: 케이뱅크 앱 > 하단 '상품' > 예적금 > 챌린지박스)"
예금 · 적금|[챌린지박스] 챌린지박스는 몇 개까지 가입할 수 있나요?|"케이뱅크 입출금통장을 보유한 만 17세 이상 개인 및 개인사업자라면 1인 최대 10개의 계좌까지 가입할 수 있습니다.
(경로: 케이뱅크 앱 > 하단 '상품' > 예적금 > 챌린지박스)"
예금 · 적금|[챌린지박스] 계좌 지급정지로 인해 자동이체일에 이체되지 않을 경우 추가 납입은 불가한가요?|"네, 추가로 납입할 순 없습니다.
챌린지박스는 자동이체 예정일에 총 2번(오전7시, 오후 4시 경) 자동이체를 시도합니다. 만약 해당 시점에 잔액부족 및 지급정지 등의 사유로 자동이체가 이뤄지지 않았다면 해당 회차 챌린지 실패 후, 즉시 잔여회차의 '모으기 금액'이 자동변경 됩니다.

(경로: 케이뱅크 앱 > 하단 '상품' > 예적금 > 챌린지박스)"
예금 · 적금|[스마트통장xKT] 이용중인 요금제는 어디서 확인하나요?|"이용 중인 요금제 확인 등은 KT 고객센터 혹은 앱/홈페이지를 통해 문의해주세요

■ 문의처
- KT 고객센터: 1588-0010
- KT 앱: '마이 케이티'
- KT 홈페이지: www.kt.com"
예금 · 적금|[스마트통장xKT] 9만원이상 요금을 납부해야만 우대금리를 받을 수 있나요?|"아닙니다. 실제 납부한 요금금액 기준이 아닌 이용중인 요금제 기준으로 우대금리가 제공됩니다. 
(대상요금제 : KT 5G 슈퍼플랜 초이스(월정액 9만원 이상) , 넷플릭스, 현대카드, 시즌/지니 등)

* 상세 요금제 종류는 KT 홈페이지를 통해 확인 가능"
예금 · 적금|[스마트통장xKT] 요금제 대상 기기는 스마트폰만 가능한가요?|아닙니다. 이용중인 단말 종류에 대한 제약은 없으며, KT 5G 슈퍼플랜 초이스 (월정액 9만원이상) 가입 고객이라면 우대금리를 받으실 수 있습니다.
예금 · 적금|[스마트통장xKT] 우대조건 대상 요금제를 사용하다가 9만원 미만 요금제로 변경할 경우 우대금리를 받을 수 있나요?|"전월 말일 기준으로 우대조건 대상 요금제 정상 이용이 확인 되는 경우에만 당월에 우대금리가 적용 됩니다. 전월 말일 기준 일시정지, 이용정지, 해지 등의 이력 확인 시 우대금리가 적용되지 않습니다.
참고로 이자는 신규 다음월부터 월 1회 제공됩니다."
예금 · 적금|[스마트통장xKT] 우대조건 충족여부는 어디서 확인하나요?|"케이뱅크 앱을 통해 우대조건 충족여부를 확인할 수 있습니다.
신규 가입 후 다음월부터 확인할 수 있으며, 매월 둘째주 토요일에 우대조건 충족여부가 업데이트 됩니다.
(경로: 케이뱅크 앱 > 하단 '전체' > 내자산 > 예금 > 계좌선택 > 우측 상단 '관리')"
예금 · 적금|[스마트통장xKT] KT 고객만 가입이 가능한가요?|아닙니다. KT 미이용 고객도 상품을 가입할 수 있습니다. 다만 우대조건 충족 고객에 한해 우대금리를 제공합니다.
예금 · 적금|[스마트통장xKT] 케이뱅크 신규 고객만 가입할 수 있나요?|"아닙니다. 기존 케이뱅크 고객도 가입할 수 있습니다.
기존 고객의 경우 신규고객 우대금리(0.9%)는 받으실 수 없으나, KT 5G 슈퍼플랜 초이스 이용고객은 우대금리(4.0%)를 받으실 수 있습니다.

다만, 당행 또는 타금융기관에서 20영업일 이내 입출금통장을 개설한 이력이 있는 경우 통장 가입이 제한되며, 마지막 개설일 다음날부터 20영업일 이후 계좌개설이 가능합니다. "
예금 · 적금|[스마트통장xKT] 어디서 가입하나요?|"스마트통장 x KT 상품은 KT 채널을 통해 가입할 수 있습니다.

■ 가입 경로
- (홈페이지) WWW.KT.COM > 혜택 > 이용혜택 > 제휴혜택 > 기타혜택 
- (앱) '마이 케이티' > 이용혜택 > 제휴혜택 > 기타혜택"
대출|[아파트담보대출] 근저당권 말소 방법은 어떻게 되나요?|"케이뱅크 앱을 통해 근저당권 말소 신청을 하실 수 있으며, 말소 건당 5만원의 등기수수료가 발생합니다.
같은 담보에 설정된 여러 개의 근저당권을 동시에 말소 신청하시면, 추가 건당 2만원의 등기수수료가 추가됩니다.

예시) 동일담보 2건의 근저당권 말소 신청 시 : 5만원 + 2만원 = 7만원의 등기수수료 발생

■ 유의사항
  - 추가필지에 설정된 근저당권 감액이 필요한 경우 등기수수료가 추가로 발생할 수 있음. 자세한 사항은 케이뱅크 협약법무사인 다이렉트로 합동법무사 사무소 : 02-3477-4414 로 문의 부탁드립니다. "
대출|[아파트담보대출] 안심전환대출 신청자입니다. 아파트담보대출의 근저당권 말소접수증, 말소비용영수증은 어떻게 발급받을 수 있나요?|"근저당권 말소접수증, 말소비용 영수증은 케이뱅크 협약 법무사를 통해 발급 가능합니다.

■ 근저당권 말소접수증/영수증 발급 요청
- 다이렉트로 합동법무사 사무소: 02-3477-4414
- 제공형태: 이메일 또는 팩스로 제공"
대출|[아파트담보대출] 고정혼합 기준금리는 어떻게 적용되나요?|"고정혼합금리 대출의 기준금리는 고정금리기간(5년)에는 금융채 5년으로 적용됩니다.
고정금리기간 종료 후에는 금융채 12개월이 적용되어 매 12개월마다 변동금리가 적용됩니다."
대출|[아파트담보대출] 대출가능한 자금용도는 무엇인가요?|"■ 가능
- 아파트 구입자금
- 생활안정자금(신규) : 소유권 이전일로부터 3개월을 경과하여 가계생활안정자금 용도로 확인된 신규대출 신청 건
- 생활안정자금(대환) : 현재 보유중인 가계구입자금 또는 가계생활안정자금 용도의 아파트담보대출을 상환하기 위한 대출 신청 건

■ 불가능
- 분양잔금, 경락잔금, 집단대출
- 임차보증금반환목적 또는 임차계약이 포함된 후순위대출
- 사업자금용도

(경로: 케이뱅크 앱 > 하단 '상품' > 대출 > 아파트담보대출)"
대출|[아파트담보대출] 케이뱅크 주택(아파트)담보조건은 무엇인가요?|"케이뱅크 아파트담보대출의 담보조건은 다음과 같습니다.

■ 담보조건
- 한국감정원에서 시세를 제공(국내지역에 위치)하는 아파트만 가능
- 담보주택의 평가액 및 면적 제한 없음(고가주택, 대형평수 등 가능)
- 가압류, 가처분, 가등기, 환매등기, 예고등기 등 당행 담보권을 침해할 권리가 있거나 소송 또는 분쟁중인 경우 신청 불가
- 미등기, 별도등기, 미분양, 재개발/재건축 진행중인 경우 등 신청 불가
- 임대차조사시 차주 세대 외 전입세대가 존재하는 경우 신청 불가

(경로: 케이뱅크 앱 > 하단 '상품' > 대출 > 아파트담보대출)"
대출|[아파트담보대출] 차주 단독명의 아파트라도 배우자가 회원가입을 해야하나요?|네, 배우자는 반드시 회원가입 및 로그인까지 진행해주셔야 합니다.
대출|[아파트담보대출] 가족 세대원 대상은 누구인가요?|"주민등록등본상 동거중인 배우자 및 본인/배우자의 부모, 자녀, 자녀의 배우자입니다.
(본인 및 배우자의 형제/자매, 가족이 아닌 경우 등은 포함되지 않습니다.)"
대출|[아파트담보대출] 소득증빙서류는 어떤 서류를 제출해야 하나요?|"■ 근로소득자(직장인) 
- 재직회사에서 발급한 연말정산용 근로소득원천징수영수증, 갑근세 원천징수확인서, 급여명세표, 임금대장 등
- 세무서/홈택스에서 발급한 소득금액증명원(근로소득자용)

■ 사업소득자(개인사업자)
- 세무서/홈택스에서 발급한 소득금액증명원(종합소득세 신고자용)

■ 사업소득자(프리랜서) 
- 거주자의 사업소득 원천징수 영수증(단, 소득금액의 60%만 인정)
- 연말정산용 사업소득 원천징수 영수증
- 세무서/홈텍스 발급 소득금액증명원(종합소득세 신고자용, 연말정산한 사업소득자용)

■ 연금소득자
- 세무서/홈텍스에서 발급한 소득금액증명원 (연말정산한 연금소득자용)
- 연금지급내역서, 연금통장 사본

(경로: 케이뱅크 앱 > 하단 '상품' > 대출 > 아파트담보대출)"
대출|[아파트담보대출] 등기권리증 분실한 경우 타행은 확인서면으로 대체 가능한데 케이뱅크도 가능한가요?|불가합니다. 당행은 확인서면으로 대체 가능하지 않습니다. (확인서면 촬영하여 제출하는 경우 수기 거절 됩니다.)
대출|[아파트담보대출] 소득 산정시 배우자의 소득이나 부채도 합산되나요?|소득 산정 시, 배우자의 소득 및 부채는 합산되지 않습니다.
대출|[아파트담보대출] 대환 시 추가로 발생하는 비용이 있나요?|"대환을 하는 경우에는 타행에 설정되어있는 근저당권설정 말소비용이 필요합니다. (타행이자금액 있는 경우 이자 포함)
추가로 케이뱅크에 대출을 실행 시 필요한 제비용이 비용출금계좌에 들어있어야 대출이 실행됩니다."
대출|[아파트담보대출] 실행된 대출금액은 입금 시간이 언제인가요?|"대출완료 문자가 발송 된 후 08시 30분경 입금됩니다.

* 구입자금/생활안정자금/대환 모두 동일"
대출|[대출상품] 마이너스통장 종류가 어떻게 되나요?|"종류:
급여소득자

대상:
2억원

최대한도:
만 19세 이상
내국인

마이너스
통장 대출:
3백만원

비상금 
대출:
당행 예금·적금 가입고객

예금·적금
담보대출:
5천만원

"
대출|[대출상환] 대출상환은 어떻게 하나요?|"보유하신 대출상품의 상환방식에 따라 상환방법이 다릅니다.

■ 만기일시상환, 한도대출(마이너스 대출)
① 한도 부여된 입출금통장으로 원금 및 이자 입금
② 대출 원금상환 진행
 ㆍ한도대출은 한도 해지 진행 필수
③ 대출 상환완료

(경로: 케이뱅크 앱 > 하단 '전체' > 대출 > 대출계좌 선택 > 한도관리 > 한도해지)

■ 원리금/원금 균등분할상환 대출
① 이자출금 계좌에 원금 및 이자 입금
② 자동 출금되어 대출 상환완료
③ 대출계좌 자동 해지

(경로: 케이뱅크 앱 > 하단 '전체' > 대출 > 대출계좌 선택 > 관리 > 원금상환)"
대출|[대출신청] 신용정보 조회기록을 삭제할 수 있나요?|"■ 신용정보 조회이력
- 금융사에서 무단 삭제 불가
- 대출 철회 시에 한해 한국신용정보원에 해당 기록을 통지하여 5영업일 이내 대출정보 삭제

■ 대출정보 삭제
- 금융사에서 무단 삭제 불가
- 상환정보는 익일 한국신용정보원에 통보"
대출|[대출신청] 대출이 왜 거절됐나요?|대출 신청/증액/연장 등의 거절 사유는 대출 신청 시 앱에서 즉시 확인 가능합니다.
대출|[대출신청] 대출 신청 시, 소득/재직 확인은 어떻게 하나요?|"대출상품에 따라 공동인증서를 통해 각각의 관련 기관에서 정보를 자동으로 불러와 확인하며, 재직 확인을 위해 직장으로 연락하지 않습니다.(단, 자동 정보수집이 불가할 경우 별도 서류 제출 필요)

■ 상품 별 확인 기관
- 신용대출/마이너스 통장 대출/신용대출 플러스
ㆍ국민건강보험관리공단
- 개인사업자 신용대출
ㆍ국세청 홈텍스"
대출|[이자납부] 마이너스대출 이자납부는 언제 되나요?|"대출신규일의 익월 해당일에 마이너스통장에서 출금됩니다.(ex. 2/28 대출 → 3/28 이자납입)
해당일 07:10 부터 수시출금 돼요.

(경로: 케이뱅크 앱 > 하단 '전체' > 대출 > 대출계좌 선택 > 관리 > 이자납부)


* 익월 해당일이 없는 경우 익월 말일 출금됨(ex. 3/31 대출 → 4/30 이자납입)"
대출|[대출계좌] 대출금 및 이자지급 계좌를 변경할 수 있나요?|"한도대출 (마이너스통장)을 제외하고 모두 변경 가능합니다.
(※ 단, 원리금균등 분할상환 대출은 한 번만 변경 가능)

(경로: 케이뱅크 앱 > 하단 '전체' > 송금 > 자동이체)"
대출|[대출연장] 대출 연장 시 상환방식변경이 가능한가요?|대출상품은 상환방식에 따라 이자 산출방식이 다르기 때문에, 대출 실행 이후 상환방식 변경은 불가합니다.
대출|[대출신청] 대출 신청 진행 중인데 언제까지 완료해야 하나요?|신청 당일 23:50 까지이며, 만일 완료하지 않은 경우 해당 건은 취소되오니 시간 내 대출신청을 완료하기 바랍니다.
대출|[대출취소] 대출 (예약) 실행을 취소할 수 있나요?|실행일 전일까지 취소 가능합니다. 다만, 취소 후 대출상품에 재가입 시, 대출가입/심사 프로세스를 다시 진행하셔야 합니다.
대출|[대출철회] 대출 철회를 할 수 있나요?|"대출 실행일 포함 15일 이내라면, 대출 철회를 할 수 있습니다. (주말/공휴일 가능)
(경로: 케이뱅크 앱 > 하단 '전체' > 내 자산 > 대출 > 계좌 선택 > 우측 상단 '관리' > 대출계약철회)

■ 유의사항
- 원금 + 철회 신청일까지의 이자 발생
- 부대비용 발생(인지세 등)

■ 원금과 이자 및 부대비용 발생 시
- 철회 신청 당일 20:00 까지 가상계좌에 입금


* 철회 후 취소 불가
* 대출 기록 삭제는 철회 완료 후 평일 기준 약 2일 ~ 3일 시간 소요"
대출|[대출상환] 중도상환해약금이 뭔가요?|"중도상환해약금이란, 대출 계약기간 만료 전 대출금 전체를 갚았을 경우 발생되는 수수료를 의미합니다.

■ 중도상환수수료 면제 상품
- 신용대출
- 신용대출플러스
ᆞ단, 20년 7월 6일 이전 실행된 건은 해약요율 0.7% 발생(대출기간 1/2 경과시 면제)
- 마이너스 통장대출
- 사장님 대출"
대출|[대출실행] 대출 실행하면 우편물이 발송되나요?|"대출 실행 시 관련 내용은 문자로만 발송하고 있으며, 별도로 발송되는 우편물은 없습니다.

* 대출 연체통지서 등 서면 통지가 필수인 경우 우편물 발송
 "
대출|[아파트담보대출] 구입하려는 아파트가 규제지역 내에 있으며 매매 금액이 15억원 초과인데, 대출 신청이 가능한가요?|"네, 대출 신청이 가능합니다.
투기/투기과열지구 내 15억원 초과 아파트에 대해 주택구입목적의 주택담보대출을 금지하는 규제가, 2022년 12월 1일부터 허용으로 변경되어 대출 신청이 가능합니다."
대출|[아파트담보대출] 어떤 아파트가 대출이 가능하나요?|"아래의 조건을 만족하는 아파트는 대출을 신청할 수 있습니다.

■ 아파트담보대출 가능 아파트
 - 한국부동산원 제공 시세가 있는 아파트 중 당행 내부 기준에 부합한 아파트
 - 본인 단독소유 또는 배우자와 공동소유인 아파트
 - 등기부등본 상 소유권에 (가)압류등 권리침해가 없는 아파트
 - 임대차(전월세) 선순위가 없는 아파트"
대출|[이자납부] 대출 이자 선납은 어떻게 하나요?|"대출 이자 납부/선납은 케이뱅크 앱을 통해 할 수 있습니다.
단, 한도 대출(마이너스 통장)은 선납이 불가해요.
(경로: 케이뱅크 앱 > 하단 '전체' > 대출 > 대출계좌 선택 > 관리 > 이자납부)


* 선납은 다음 1회차 납입분에 대해서만 가능
* 다음 회차 납입일 전 금리변동이 없어야 선납 가능"
대출|[전세대출] 전세대출 만기를 연장신청 할 수 있나요?|"전세대출ㆍ청년전세대출 기간연장은 대출 만기 30일 전부터 케이뱅크 앱을 통해 신청할 수 있습니다.  
기간연장 대상자인 경우, 연장신청 가능 시점에 안내 문자를 보내드려요.
 
■  필요서류
- 임대차계약서(주택임대차계약 신고필증 또는 확정일자 필수)
ㆍ기존 주소지에서 구두로 재계약 한 경우는 제출 불필요
- 주민등록등본, 가족관계증명서, 혼인관계증명서(기혼인 경우), 건강보험자격득실확인서
ㆍ공동인증서로 확인이 불가능한 경우 사진촬영 후 제출필요

■ 연장 불가 및 대출상환 대상
- 부부합산 2주택 이상을 보유한 경우
- 2020.7.10 이후 투기지역/투기과열지구 내 3억원 초과 아파트를 취득한 경우
- 실거주가 확인되지 않을 경우"
대출|[대출연장] 대출 만기연장은 어떻게 신청하나요?|"대출 만기연장 신청은 만기일 1개월 전부터 케이뱅크 앱을 통해 할 수 있습니다.
단, 심사결과에 따라 연장거절, 금리 및 한도는 변경될 수 있어요.


* 고객센터를 통한 대출 연장신청은 불가"
대출|[아파트담보대출] DSR 규제가 적용되나요?|"DSR 규제 3단계(22.07.01. 시행)에 의해 고객님의 금융기관 대출잔액의 전체 합이, 1억원을 초과할 경우 DSR 규제 대상이 됩니다.

■ DSR 규제 3단계 상세 안내
  - 총 대출액이 1억원이 넘는 경우, 연간 원리금 상환액이 은행권 기준 연 소득의 40%를 넘는 추가 대출은 불가 "
대출|[아파트담보대출] 아파트담보대출 실행이후 이행해야하는 사항이 있나요?|"아파트담보대출 실행 이후 각 상품별로 이행하셔야 하는 내용이 각자 다릅니다.
상세는 아래 내용 확인 부탁드립니다.

■ 구입자금대출 이행사항  
 - 무주택자(세대합산)는 이행해야 할 의무가 없습니다.
 - 1주택자(세대합산)가 규제지역 소재의 주택을 구입하기 위해 대출받는 경우, 2년 이내 기존주택을 처분하여야 합니다.

■ 생활안정자금대출 이행사항
 - 대출을 전부 상환하기 전까지 주택을 구입하시면 안됩니다.

■ 대출 갈아타기(대환대출) 이행사항
 - (대환대상 대출이 추가주택구입금지 특약이 있었을 경우) 대출을 전부 상환하기 전까지 주택을 구입하시면 안됩니다."
대출|[아파트담보대출] 근저당권 말소 시 처리시간은 어떻게 되나요?|"근저당권 말소를 신청하시면, 협약된 법무사에게 전달된 후 2영업일 내 말소를 진행하게 됩니다.
단, 평일 오후 4시 이후에 신청하였거나 주말/공휴일에 신청하였다면 다음 영업일에 법무사에게 신청건이 전달됩니다. 또한 등기소의 상황에 따라 좀더 시간이 걸릴 수 있으니 참고 부탁드립니다. "
대출|[아파트담보대출] 대출 일부 상환시 감액을 꼭 진행해야 하나요?|아닙니다. 일부상환 후 감액을 원하시는 경우에만, 앱을 통해 신청하시면 됩니다.
대출|[아파트담보대출] 대출 실행시 OTP가 필요한가요?|"생활안정자금대출은 대출 실행 시 OTP는 필요하지 않습니다.
다만, 대출금액을 이체하기 위해 OTP가 필요할 수 있으니, 참고 부탁드려요.
(경로: 케이뱅크 앱 > 하단 '전체' > 인증/보안 > 인증수단 > OTP)

■ OTP별 이체한도 안내
 - 휴대폰 OTP 최대 이체한도 : 1회 1억원, 1일 1억 5천만원
 - 기기형 OTP 최대 이체한도 : 1회 1억원, 1일 5억원

구입자금 대출, 대출 갈아타기(대환)은 대출 실행일에 배정된 법무사에게 대출금이 전달되고, 법무사가 잔금을 처리하므로 OTP가 필요하지 않습니다."
대출|[아파트담보대출] 아파트담보대출과 타 대출 상품을 동시에 받을 수 있나요?|아파트담보대출과 다른 금융사 대출상품을 동시에 신청하는 경우, 대출이 실행되기 전 고객님의 대출 정보를 확인하는 과정에서 대출이 거절될 수 있으니 유의부탁드립니다.
대출|[아파트담보대출] 아파트담보대출 관련 셀프등기나 법무사 지정이 가능한가요?|"안타깝지만, 불가합니다.
케이뱅크 아파트담보대출은 채권보전을 위해 케이뱅크가 협약하고 지정한 법무법인 법무사를 통해서만 대출이 가능합니다. 셀프등기, 별도의 법무사를 통한 등기는 불가능한 점, 양해 부탁드립니다.  "
대출|[아파트담보대출] 아파트담보대출 신청 또는 실행 전일 경우 케이뱅크 신용대출 및 전세대출 가능한가요?|"아파트담보대출 신청하여 실행 전일 경우 당행 신용대출 및 전세대출 신청이 불가합니다.
단, 예상 한도를 조회하는 단계는 진행 가능합니다.
또한 아파트담보대출 실행 후 1개월 이내에는 케이뱅크 신용대출 신청 및 실행이 불가하며,
신용대출 실행 후 1개월 이내에는 아파트담보대출 신청 및 실행이 불가하니, 유의 부탁드립니다. "
대출|[아파트담보대출] 1주택이 있는데, 구입자금 대출신청이 가능한가요?|"네, 가능합니다. 규제지역과 기타지역에 상관없이 대출을 신청할 수 있어요.
다만, 실제 대출의 가능여부 등은 규제 등에 따라 다를 수 있으므로, 예상 한도∙금리 조회(2분 소요)를 진행해주시길 바랍니다."
대출|[아파트담보대출] 아파트담보대출을 받으며 전입 및 처분의무 등 특약에 대해 추가약정서 작성하였습니다. 전액 상환하는 경우에는 특약의 이행이 필요할까요?|"네, 맞습니다.
전액 상환과 무관하게 특약의 이행은 필요합니다. 해당 특약별로 정해진 일정 내 이행이 필요하며, 이행하지 않을 경우 특약위반으로 처리되어 불이익이 발생할 수 있습니다.

* 불이익 사항: 전금융권에서 3년간 주택 관련 대출 불가"
대출|[아파트담보대출] 처분의무 특약은 어떤건가요?|"■ 처분의무 특약 상세 안내
- '처분의무 특약'이란?: 무주택 또는 1주택 보유자가 규제지역에 있는 주택을 구입하기 위해 대출을 실행한 경우, 대출실행일로부터 2년 이내 기존 주택을 처분(명의이전까지 완료)해야 한다는 의무사항입니다.
- 처분의무 증빙 방법: 처분 완료 후 처분 완료내용을 케이뱅크로 알려주세요. 케이뱅크에서 확인을 진행합니다. 
- 이행완료: 특약 이행이 확인되면, 자동으로 특약 이행 완료 확인 문자가 발송됩니다.
- 특약위반: 위반할 경우 시 대출금 전액이 즉각 회수(기한 이익 상실 처리)되며, 위반 확인일로부터 3년간 모든 종류의 주택 관련 대출(전세대출 포함)이 불가합니다.
- 처분유예: 불가피한 사유로 발생한 경우 처분일을 최대 3개월까지 유예할 수 있습니다. 처분유예가 필요하시면 [케이뱅크 앱 > 메뉴 > 대출관리 > 세부내역 > 특약확인 > 주택처분의무]에서 진행할 수 있습니다."
대출|[아파트담보대출] 오피스텔은 주택수에 포함되나요?|아니오. 주택수에 포함되지 않습니다.
대출|[아파트담보대출] 분양권, 입주권도 주택수에 포함되나요?|네, 주택수에 포함됩니다.
대출|[아파트담보대출] 공시지가 1억미만 주택도 주택수에 포함되나요?|네, 주택수에 포함됩니다.
대출|[아파트담보대출] 대출 철회 시 발생하는 비용이 있나요?|"네, 철회하시면 비용이 발생됩니다.
대출원금 및 이자 이외 은행이 부담한 비용(은행부담인지세, 근저당권 설정 등기비용 등)을 전액 반환하여야 대출을 철회할 수 있습니다. 대출 계약의 철회는 대출 계약 후 14일(휴일 포함)이내 앱을 통해 신청할 수 있습니다. "
대출|[아파트담보대출] 구입자금 대출시 저당권 설정비용은 누가 부담하나요?|저당권 설정비용은 케이뱅크에서 부담합니다.
대출|[아파트담보대출] 생활안정자금 대출 실행시 부담해야 하는 부대비용은 어떤 것들이 있나요?|"대출 실행 시 주택채권매입비와 인지세가 발생합니다.

■ 국민주택채권 매입비용
 - 정부에서 국민주택 사업을 하면서 필요한 자금을 마련하기 위해 발행하는 채권입니다.
   법원 등기소에 등기 신청시 해당 부동산 가격의 일정 비율만큼 국민주택채권을 의무적으로 매입하도록하며, 이때 발상하는 비용입니다.
 - 대출 실행일 당일시세를 기준으로 산정되며, 약정 시 예상 비용을 안내해 드립니다.

■ 인지세
 - 인지세법 등 관련 법령에 근거하여 대출계약 문서를 작성할때 부과하는 세금입니다.
    대출금액별로 발생하는 금액과 비율이 다릅니다.
 - 인지세 부과기준
  ㆍ 5천만원 이하 : 비과세
  ㆍ 5천만원 초과 ~ 1억원 이하 : 70,000원, 고객부담액 35,000원
  ㆍ 1억원 초과 ~ 10억원 이하 : 150,000원, 고객부담액 75,000원
  ㆍ 10억원 초과 : 350,000원, 고객부담액 175,000원 "
대출|[아파트담보대출] 아파트담보대출을 받는데 국민주택채권매입비용은 왜 출금되나요?|"국민주택채권은 국민주택사업에 필요한 기금 조성을 위해 발행하는 국채로, 부동산 등기를 신청할 때 의무적으로 매입해야합니다.
국민주택채권비용은 해당 채권 매입 시 발생되는 비용으로, 아파트담보대출 실행시 근저당권 설정등기를 하기 위해 필요합니다."
대출|[아파트담보대출] 대출을 받을 때 발생하는 비용은 어떤 것이 있나요?|"대출을 받을 때 발생하는 비용은 아래와 같습니다.

■ 고객 부담 비용 안내
1. 인지세: 은행과 고객이 50%씩 부담합니다. 5천만원까지는 인지세가 면제됩니다.
2. 국민주택채권할인비용 : 「주택도시기금법」에 의해 주택에 근저당권을 설정할 때 발생하는 비용으로 고객이 부담합니다.
3. 근저당권 말소 비용: 대환대출을 진행할 때 기존 대출을 정리하며 발생하는 비용으로 고객이 부담합니다.
4. 등기사항변경 관련 비용: 부동산소유자의 주소 등 등기 정보의 변동이 발생하면, 수정하기 위한 비용으로 고객이 부담합니다.

* 구입자금대출 시 소유권이전등기에 필요한 법무사 및 등기 관련 부대비용은 대출과 별개의 비용으로 고객이 부담합니다.

■ 은행 부담 비용 안내
1. 인지세: 은행과 고객이 50%씩 부담합니다. 5천만원까지는 인지세가 면제됩니다.
2. MCI보험료: 방 공제 없이 대출한도를 높이기 위해 가입하는 보험으로 필요 시 선별적으로 가입되는 보험으로, 발생하는 비용은 은행이 부담합니다.
3. 권리보험료: 부동산 관련 대출 시 발생할 수 있는 서류 사고 등에 대한 보험으로, 은행이 부담합니다.
4. 근저당권 설정 비용: 부동산에 근저당권을 설정할 때 발생하는 비용으로 은행이 부담합니다.
5. 근저당권설정 및 대환관련 법무사 비용: 등기 업무, 대환 업무 등을 대리하여 진행하며, 은행이 부담합니다.
 - 참고:  대출을 철회하는 경우 대출 취급 시 발생한 은행의 비용(인지세 50% 등)은 고객이 부담합니다. "
대출|[아파트담보대출] 한국부동산원 시세는 언제 업데이트 되나요?|한국부동산원 시세는 매주 금요일에 업데이트 됩니다.
대출|[아파트담보대출] 한국부동산원 시세만 활용하고 KB부동산시세는 왜 활용안하나요?|"대출금액(한도) 산정은 당행 심사 기준에 따라 한국부동산원 시세를 기준으로 합니다.
다만, 주택시세에 따른 규제적용 여부를 판단할 때에는 한국부동산원 시세와 KB부동산 시세 중 더 높은 시세를 적용하여 판단합니다."
대출|[아파트담보대출] 아파트담보대출에서 산출되는 시세보다, 매매금액이 더 작아도 대출이 가능한가요?|아파트담보대출은 한국부동산원 시세를 기준으로 가능한 최대 대출금액(한도)이 나옵니다. 최대 대출금액(한도) 중 고객님께서 필요로 하는 금액만큼만 대출을 신청하시면 됩니다.
대출|[아파트담보대출] KB시세를 기준으로 대출을 받을 수는 없나요?|"안타깝게도 불가합니다.
케이뱅크는 아파트담보대출은 한국부동산원 시세를 기준으로만 대출이 가능합니다.
참고로 매주 금요일에 최신 시세가 반영되므로, 아파트 시세가 상승했다면 금요일 이후 예상 한도∙금리 조회(2분 소요)를 진행하는 것을 추천드립니다. "
대출|[아파트담보대출] 아파트 시세가 없으면 대출을 신청할 수 없나요?|"케이뱅크 아파트담보대출은 한국부동산원 시세를 이용 중입니다. 안타깝지만 한국부동산원에서 시세가 확인되지 않으면, 케이뱅크 아파트담보대출을 신청할 수 없습니다. (매주 금요일에 새로운 시세가 반영됩니다)
다만, 일부 아파트의 경우 케이뱅크 내부 심사기준에 따라 한국부동산원 시세가 확인되더라도 대출을 진행할 수 없습니다."
대출|[아파트담보대출] 소득종류가 두 종류입니다. 어떤 것을 선택하면 되나요?|종류가 다른 소득은 합산하여 계산하지 않습니다. 두 가지 소득 중 더 높은 것을 선택하는 것이 좀 더 유리합니다.
대출|[아파트담보대출] 세대원도 회원가입 필수인가요?|"배우자를 제외한 세대원은 회원가입이 필수가 아니며, 세대원 동의 URL문자 수신 후 접속하여 동의해주시면 됩니다.
배우자는 회원 가입, 공동명의자는 회원 가입 후 계좌 개설까지 완료해야 하며, 배우자(공동명의자)가 아닌 세대원은 회원가입을 하지 않아도 동의를 진행할 수 있습니다. "
대출|[아파트담보대출] 배우자와 세대원 동의 앱 화면상에 보이는 인원 전부를 동의를 받아야 하나요?|"주민등록표 상 구성원 모두 앱 화면상에 나오게 됩니다. 그 중 화면 '내 동의대상 확인하기'를 눌러, 보이는 주택담보대출 규제상의 세대원 범위에 속한 인원만 동의를 받으시면 됩니다.

세대원 동의 대상은 '주민등록등본상 배우자, 본인(차주) 및 배우자의 직계존속(부모, 조부모)과 직계비속(자녀, 손자녀) 및 그 배우자'입니다.
단, 배우자와 세대분리인 경우 배우자의 '주민등록등본에 적혀있는 직계비속 및 그 배우자'도 동의 대상에 포함됩니다.  "
대출|[아파트담보대출] 배우자와 세대원 동의 과정에서 휴대폰번호를 틀렸습니다. 수정할 수 있나요?|"네, 가능합니다.
배우자 및 세대원 동의 화면에서 수정 버튼을 눌러서 수정할 수 있습니다. 수정 이후 다시 배우자/세대원 동의 요청 문자를 발송해주세요."
대출|[아파트담보대출] 세대원 동의 대상은 누구인가요?|"세대원 동의 대상은 '주민등록등본상 배우자, 본인(차주) 및 배우자의 직계존속(부모, 조부모)과 직계비속(자녀, 손자녀) 및 그 배우자'입니다.
단, 배우자와 세대분리인 경우 배우자의 '주민등록등본에 적혀있는 직계존속, 직계비속 및 그 배우자'도 동의 대상에 포함됩니다."
대출|[아파트담보대출] 세대원 동의시 본인 명의 휴대폰이 필수인가요?|"본인 명의 휴대폰이 없어도 본인명의 공동인증서를 통해 진행할 수 있습니다.
본인 명의 휴대폰이 있는 경우 공동인증서 없이, 휴대폰본인인증을 통해 동의 가능합니다."
대출|[아파트담보대출] 대출 실행일자를 변경할 수 있나요?|"네, 가능합니다. 케이뱅크 앱을 통해 실행일을 변경할 수 있습니다.
단, 실행일 당일에는 변경이 불가능하며, 변경이 필요한 경우 취소 후 재신청하셔야 하니 유의를 부탁드립니다."
대출|[아파트담보대출] 배우자 본인 명의 휴대폰이 없는데 신청이 가능한가요?|"네, 가능합니다.
공동인증서를 통해 배우자 동의가 가능하다면 진행 가능합니다. 다만, 케이뱅크 회원이어야 합니다."
대출|[아파트담보대출] 세대원 동의는 어떻게 하나요?|대출 서류를 제출하는 단계에서 배우자와 세대원 동의를 진행합니다. 앱 화면에서 세대원을 선택하면, 세대원 동의 요청 문자가 발송됩니다. 이때 세대원은 문자 내 URL 링크로 접속하여 휴대폰본인인증 또는 공동인증서를 통해 동의할 수 있습니다. 또한, 세대원이 미성년자인 경우 법정대리인(부모)이 대리하여 동의를 하게 됩니다. 미성년 세대원은 별도 동의를 진행하지 않습니다. 
대출|[아파트담보대출] 구입자금 대출의 법무사 배정은 언제 되나요?|대출 약정 후 4영업일 이내 배정되며, 법무사 담당 직원은 잔금일로부터 1영업일 전날 배정됩니다. 구입자금의 경우, 잔금일(대출 실행일)을 변경할 경우 법무사가 재배정될 수 있습니다. 단, 일부 급하게 처리해야 하는 대출의 경우 상황에 따라 일정 조정이 가능합니다.
대출|[아파트담보대출] 생활안정자금 대출은 약정 당일 실행되나요?|"네 약정 당일로 선택이 가능합니다. 약정 당일 09~16시 사이에 즉시실행을 선택할 경우 바로 실행됩니다. 원하는 날짜가 있을 경우 날짜를 지정하면 당일 오전에 자동 실행됩니다.

■ 추가 안내사항
 - 생활안정자금은 토요일/일요일/공휴일도 실행 가능합니다 "
대출|[아파트담보대출] 대출 실행은 전자서명 후 자동으로 진행되나요?|"네, 맞습니다. 약정단계에서 지정하신 일정으로 대출이 자동 실행됩니다.
생활안정자금 대출의 경우, 09~16시 사이에 대출약정을 완료하시면 당일에 즉시 실행을 할 수 있습니다."
대출|[아파트담보대출] 대출신청은 언제까지 해야 하나요?|"대출신청은 서류접수 및 검토기간 등이 필요하며, 대출별로 최소 필요로 하는 기간이 다 다릅니다.

■ 대출별 최소 필요 기간 안내
 - 구입자금 대출 : 잔금일까지 최소 5영업일 이상
 - 대출 갈아타기(대환대출) : 대출을 원하는 날로부터 최소 3영업일 이상
 - 생활안정자금 대출 : 대출을 원하는 날로부터 최소 2영업일 이상

■ 추가 유의사항
 - 상기 안내드린 대출별 최소 필요기간은 대출 신청과정 중 특이사항이 없을 때, 진행 가능한 최소한의 일정을 말합니다.
   이에 해당 일정 내 대출이 가능함을 보장하는 것은 아닙니다. 때문에 최소 10일의 여유기간을 가지고 대출 신청을 부탁드립니다.
 - 구입자금 대출은 매매계약서상 잔금일(대출 실행일)을 4영업일~60일 이내에 선택할 수 있습니다.
   잔금일이 60일 이상 남은 경우, '2분 대출 조회하기'로 대출이 가능한지를 먼저 확인하고, 60일이 남은 시점에 대출을 신청해주세요. "
대출|[아파트담보대출] 서류제출 가능한 시간은 언제인가요?|케이뱅크는 24시간 365일 가능합니다.
대출|[아파트담보대출] 개인용 공동인증서로 아파트담보대출 서류제출이 가능한가요?|네, 가능합니다. 공동인증서를 통해 외부기관 서류 제출이 가능하며, 일부 서류는 필요시 사진촬영을 통해 서류제출하게 됩니다.
대출|[아파트담보대출] 근저당권 감액 방법은 어떻게 되나요?|"케이뱅크 앱을 통해 근저당권 감액 신청을 하실 수 있으며, 감액 건당 5만원의 등기수수료가 발생합니다.

■ 유의사항
  - 추가필지에 설정된 근저당권 감액이 필요한 경우 등기수수료가 추가로 발생할 수 있음. 자세한 사항은 케이뱅크 협약법무사인 다이렉트로 합동법무사 사무소 : 02-3477-4414 로 문의 부탁드립니다."
대출|[아파트담보대출] 아파트담보대출을 받은 이후에 기준금리, 대출기간, 상환방식 등 대출조건을 변경할 수 있나요?|"안타깝게도 대출을 약정한 이후에는 대출 조건을 변경할 수 없습니다.
대출이 실행되지 않았다면 대출을 취소하고, 다시 신청하여 원하는 조건으로 대출을 설정할 수 있습니다."
대출|[아파트담보대출] 대환 대출을 신청하면 직접 대환을 해야 하나요?|"대환 대출을 신청하면 법무사가 대리하여 기존 금융사에 대환을 완료합니다. 즉, 고객님께서 복잡하고 시간이 많이 소요되는 대환 업무를 직접 진행하실 필요가 없습니다.

■ 대환 대출 진행 과정
  1. (고객님) 대출 계약 조건 등을 확정하는 대출 약정 진행
  2. (법무사) 대환 대출 관련 조건 등 세부사항을 기존 금융회사와 고객님께 확인
  3. (케이뱅크) 대출 실행일에 법무사 계좌로 대환 대출금액 입금
  4. (법무사) 기존 금융회사로 대환할 금액 입금 등 대환 업무 진행, 관련 등기 업무 등 진행, 완료 내용 고객님께 안내
  5. (고객님) 기존 금융회사 앱 등에 접속하여 대환 완료 여부 등 확인"
대출|[아파트담보대출] 잔금일에 매도인에게 대출금액을 어떻게 지급하나요?|"잔금일에 출장나간 법무사의 확인과정을 거쳐 직접 매도인의 계좌로 잔금을 지급합니다.

■ 구입자금 대출 잔금 지급 과정
  1. (고객님) 대출 계약 조건 등을 확정하는 대출 약정 진행
  2. (케이뱅크) 협약된 프리로스 법무사 플랫폼 통해 출장 법무사 배정 요청
  3. (법무사) 출장 법무사가 고객님께 전화 연락하여 매수인, 매도인 등과 만나는 장소(부동산 사무실 등)와 시간 등을 확정
  4. (케이뱅크) 잔금일(평일)에 대출실행 후 대출금액을 은행거래 법무사에게 전달(오전 8~10시)
  5. (법무사) 잔금 지급 현장에서 계약의 최종 진행여부를 확인 후 매도인 계좌로 대출금 입금
  6. (법무사) 각종 등기 업무 진행 "
대출|[아파트담보대출] 법무사 연락처는 어떻게 되나요?|"케이뱅크와 협약된 법무사의 연락처를 안내드리겠습니다.

■ 소유권이전등기 법무사 문의
  - 프리로스 법무사플랫폼 : 070-4466-7062

■ 대출 갈아타기(대환) 및 근저당권설정등기 업무 문의
  - 다이렉트로 합동법무사 사무소 02-3477-4414 "
대출|[아파트담보대출] 배우자, 세대원이 미리 준비해야 하는 것이 있을까요?|"각 상황따라 준비해야 하는 상황이 다릅니다.

■ 배우자의 준비사항
 - 케이뱅크 회원이 아닐 경우 회원 가입 필요. 또한 배우자(공동명의자) 동의 시 공동인증서 준비
   (이를 위해 사전에 케이뱅크 앱에 공동인증서 등록해 놓으시면 더 편리합니다)

■ 세대원 준비사항
 - 성년 세대원 : 본인명의 휴대폰이 필요, 만약 본인명의 휴대폰이 없다면 공동인증 통해 세대원 동의 진행(사전에 공동인증서를 준비해주세요)
 - 미성년 세대원 : 부모님의 대리 동의로 진행, 별도 준비사항 없음  "
대출|[아파트담보대출] 공동명의 주택도 아파트담보대출을 받을 수 있나요?|네, 가능합니다. 아파트담보대출의 경우 단독 명의이거나, 배우자와 공동명의인 경우 대출을 신청할 수 있습니다. 다만, 배우자를 제외한 제3자가 공동명의자로 있는 경우 대출 신청은 불가합니다.
대출|[아파트담보대출] 신축분양아파트도 취급하나요?|안타깝게도 현재 케이뱅크에서는 대출 신청이 불가합니다.
대출|[아파트담보대출] 폐업 중인데 작년소득으로 대출을 신청할 수 있나요?|안타깝게도 현재 폐업상태이면 대출 진행 불가합니다.
대출|[아파트담보대출] 주민등록등본상 세대주만 대출이 가능한가요?|세대주가 아니어도 대출 진행이 가능합니다.
대출|[아파트담보대출] 개명 이후 대출을 신청할 수 있나요?|등기부등본상 부동산 소유자명이 개명 전 이름인 경우, 등기부등본의 소유자명을 개명처리(등기명의인 표시변경 등기)한 이후 대출 진행 가능합니다.
대출|[아파트담보대출] 경매물건(경락잔금) 아파트도 대출이 되나요?|안타깝게도 경매물건(경락잔금)은 대출 진행이 불가합니다.
대출|[아파트담보대출] 본인 임차 거주 중인 전매제한 아파트 또는 분양 전환 아파트를 구입자금 받을 수 있나요?|"각 상황마다 다릅니다. 상세는 아래 내용 확인 부탁드립니다.

■ 상세 안내
 - 전매제한주택 : 전매제한기간이 경과한 경우 대출 신청 가능
 - 분양전환아파트 : 대출 신청 불가 "
대출|[아파트담보대출] 구매 예정 주택에 매도인의 소유권 권리 침해가 있는 경우, 주택구입자금 대출과 동시에 해제 조건으로 취급 가능한가요?|네, 가능합니다.
대출|[아파트담보대출] 개인사업자도 주택담보대출 신청이 가능한가요?|"사업자등록증이 발급되고 소득금액증명원으로 소득증빙이 가능한 경우 신청하실 수 있습니다.
만약 사업자등록증이 없는 경우는 '고용계약서', '위촉증명서' 등 계약관계를 증명할 서류가 있고, 사업소득원천징수영수증 및 소득금액증명원 등 소득을 증명할 서류가 있다면 아파트담보대출을 받을 수 있습니다.  "
대출|[아파트담보대출] 휴직 중인데 대출을 받을 수 있나요?|"네, 휴직증명서 및 휴직 직전 소득에 대한 자료를 제출하실 경우 대출이 가능합니다.
다만, 최근 3년 연속 휴직인 경우는 대출 진행이 어려울 수 있습니다."
대출|[아파트담보대출] 사업자등록을 하지 않은 프리랜서도 대출을 받을 수 있나요?|'고용계약서', '위촉증명서' 등 계약관계를 증명할 서류가 있고, 사업소득원천징수영수증 및 소득금액증명원 등 소득을 증명할 서류가 있다면 아파트담보대출을 받을 수 있습니다.
대출|[아파트담보대출] 세대주가 아닌데 생활안정자금 또는 대환대출을 받을 수 있나요?|세대주가 아니더라도 본인 또는 공동명의인 배우자가 해당 주택에 전입되어 있는 경우에는 대출을 받을 수 있습니다.
대출|[아파트담보대출] 권리 침해가 있는 아파트일 경우, 아파트담보대출을 받을 수 있나요?|"안타깝지만, 권리침해가 발생한 아파트는 대출 진행이 어렵습니다.
다만, 경우에 따라 진행이 가능한 경우가 있으니 실제 대출 가능 여부는 예상 한도∙금리 조회(2분 소요) 통해 확인해보시기 바랍니다.
구입자금대출의 경우 소유권 이전과 동시에 기존의 권리침해 조건을 모두 해지한다는 조건을 걸 경우, 대출이 가능합니다."
대출|[아파트담보대출] 전세(월세)로 살고 있는 아파트를 매수하면서 대출을 받을 수 있나요?|네, 가능합니다. 아파트담보대출은 기존에 체결한 전세(월세) 계약과는 별개의 건으로 진행됩니다.
대출|[아파트담보대출] 공인중개사를 통한 매매계약서가 아닌 공인중개사의 대서나 직거래 등으로 대출을 받을 수 있나요?|직거래, 공인중개사를 통한 대서 등은 안타깝게도 불가합니다. 아파트담보대출은 공인중개사를 통한 정식 매매계약서를 작성한 건만 대출을 받을 수 있습니다.
대출|[아파트담보대출] 대출 받으려는 아파트에 동거인이 있는 경우 혹은 타세대로 무상거주자가 전입되어 있는 경우 대출이 가능한가요?|"대출이 가능합니다. 다만, 무상거주에 대한 추가 확인이 필요합니다.
대출신청 고객님은 케이뱅크 앱에서 요청하며, 무상거주자는 앱 설치 없이 모바일웹으로 동의할 수 있습니다.

■ '무상거주'란? 
 - 해당 아파트에 전∙월세 등 임대차 계약 없이 무상으로 거주하고 있는 상태를 말함"
대출|[아파트담보대출] 아파트가 토지부분에 별도등기가 있는데, 대출이 가능한가요?|토지부분에 별도등기가 있더라도 소유권 대지권이 등기완료된 상태라면 가능합니다.
대출|[아파트담보대출] 아파트가 대지권 미등기인데, 대출이 가능한가요?|안타깝게도 불가합니다. 아파트담보대출은 소유권 대지권이 등기완료 된 이후 진행이 가능합니다.
대출|[아파트담보대출] 외국에 체류하고 있는데, 대출을 받을 수 있나요?|외국에 체류하실 경우, 대출 신청이 불가능합니다.
대출|[아파트담보대출] 외국에서 근무 중인데 소득이 인정되나요?|해외에서 발생한 소득은 현재 인정하지 않습니다. 근로소득자로서 국내에 신고된 소득자료를 증빙할 수 있다면 신청 가능하지만 외국에서 발생한 소득에 관해서는 대출신청이 진행되지 않습니다.
대출|[아파트담보대출] 복수 사업장에 근무(운영)하는 경우 소득을 합산할 수 있나요?|"동일 소득 유형 내 소득 합산이 가능합니다.

■ 소득합산 가능 상세 안내
 - 근로소득자 : 복수 사업장에 근무하는 경우 소득을 합산할 수 있습니다.
 - 사업소득자 : 복수 사업장을 운영하는 경우 소득을 합산할 수 있습니다.
 - 프리랜서 등 : 복수 사업장에 근무하는 경우 소득을 합산할 수 있습니다.
 - 연금소득자 : 연금소득으로만 가능합니다. 타 소득유형으로 소득 합산은 불가합니다.
 - 다른 유형 소득 합산 : 근로소득+사업소득 등과 같이 다른 유형의 소득은 합산이 불가합니다. "
대출|[아파트담보대출] 대출 갈아타기(대환대출)를 신청하는 경우, 다른 금융기관의 주택담보대출만 갈아타기가 가능한가요?|네, 맞습니다. 대출 갈아타기(대환대출)는 아파트로 받은 다른 금융기관의 기존 주택담보대출 전액을 상환하는 조건으로 진행 가능합니다. 금융기관에서 받은 대출이 아닌 경우 대환이 불가하며, P2P대출 및 사업(기업)자금 대출도 대출 갈아타기가 불가합니다. 
대출|[아파트담보대출] 중도상환시 중도상환해약금이 발생되나요?|"네, 중도상환해약금율은 1.4%가 적용되며 일할계산되어 점점 줄어들다 3년이 경과하면 사라집니다.
단, 매년 최초실행금액의 10%에 해당하는 금액은 상환 시, 중도상환해약금이 면제되며 이월되지 않습니다.

■ 유의사항
 - 첫해 10% 상환하지 않았더라도 두번째 해에도 동일하게 최초실행금액의 10%까지만 중도상환해약금 면제되니, 참고 부탁드립니다."
대출|[아파트담보대출] 고정혼합 기준금리는 어떻게 적용되나요?|"고정혼합금리 대출의 기준금리는 고정금리기간(5년)에는 금융채 5년으로 적용됩니다.
고정금리기간 종료 후에는 금융채 12개월이 적용되어 매 12개월마다 변동금리가 적용됩니다."
대출|[아파트담보대출] 대출금액(한도)는 어떻게 정해지나요?|규제(LTV, DTI, DSR 등) 범위 내에서 최대 10억원까지 가능하며, 해당 아파트의 가격/지역/대출기간/주택보유수/대출목적/신용점수/상환능력 및 부채현황 등에 따라 대출금액(한도)가 산출됩니다.
대출|[아파트담보대출] 상환기간 및 방식은 어떻게 되나요?|아파트담보대출의 상환기간은 10년~40년 중 5년 단위로 선택할 수 있고, 거치기간은 최대 1년까지 선택하실 수 있습니다. 상환방식은 원금균등분할상환과 원리금균분할상환 중 선택하실 수 있습니다.
대출|[아파트담보대출] 아파트담보대출 신청 시점의 금리와 실행 시점의 금리가 서로 다른데, 이유가 있나요?|실제 대출금리는 대출을 실행하는 날 기준금리를 적용하여 정해집니다. 대출 실행일 전 확인 하셨던 금리(대출 조회, 신청, 약정 등 프로세스 내)는, 확인하신 해당일의 기준금리가 적용된 금리입니다.
대출|[아파트담보대출] 아파트담보대출 금리 방식을 선택할 수 있나요?|아파트담보대출 금리 방식은 변동금리와 고정금리(5년 고정 후 변동)중 선택이 가능하며, 변동금리의 경우 구입/생활안정자금은 '신규 COFIX 6개월', 대환대출은 '신잔액 COFIX 3개월'이 기준금리로 적용됩니다.
대출|[아파트담보대출] 다른 은행에서 주택담보대출을 이용 중입니다. 케이뱅크 아파트담보대출로 갈아타고 싶은데 가능한가요?|네, 가능합니다. 고객님 명의로 실행된 주택담보대출이고, 등기부등본상 소유권이전 3개월 이후라면 진행 가능합니다. 다만, 대출한도가 타행대출보다 적게 산출되는 경우는 차액만큼 고객님 자금으로 추가 준비해 주셔야 합니다.
대출|[아파트담보대출] 케이뱅크에서 아파트담보대출을 받은 이후, 추가로 또 아파트담보대출을 받을 수 있나요?|네, 규제 한도 내에서 추가 대출(최대 한도 10억원)이 가능합니다.
대출|[아파트담보대출] 등기권리증(등기필증)을 분실했는데, 대출을 받을 수 있나요?|"아파트담보대출 생활안정자금 대출, 대출 갈아타기(대환대출)의 경우 등기권리증(등기필증)이 필수 서류입니다. 이에 등기권리증(등기필증)을 분실하시면 대출을 받을 수 없습니다.

■ 유의사항
 - 등기권리증은 재교부, 재발급이 불가능합니다."
대출|[아파트담보대출] 작년에 생활안정자금 대출을 받았는데, 올해 또 생활안정자금 대출을 받을 수 있나요?|아파트담보대출의 생활안정자금 대출은 최대 10억원까지 받을 수 있습니다. 다만, 아파트담보대출의 대출 규제(시세, 소득, LTV, DSR 등)에 따라 대출이 어려울 수도 있고, 대출 가능 여부는 예상 한도∙금리 조회(2분 소요)를 통해서 확인하실 수 있어요.
대출|[아파트담보대출] 기존 다른 금융기관에서 받은 주택담보대출이 있다면 추가 생활안정자금 대출을 받을 수 있나요?|올해 다른 금융기관에서 생활안정자금대출을 받으신 적이 있다면 대출이 불가능하며, 실제 대출 가능 여부는 예상 한도∙금리 조회(2분 소요)를 통해서 확인하실 수 있습니다.
대출|[아파트담보대출] 임대차 보증금 반환 용도로 대출을 받을 수 있나요?|현재는 임대차 보증금 반환 용도의 대출을 받을 수 없습니다. 양해 부탁드립니다.
대출|[아파트담보대출] 아파트 구입 계약 잔금일이 주말(또는 공휴일)입니다. 대출을 정상적으로 받을 수 있나요?|"주말 또는 공휴일에는 대출이 정상적으로 실행되지 않습니다. 계약서를 정정하여 평일로 잔금일을 변경한 이후 대출을 신청해주세요.
구입자금 대출의 경우 협약 법무사가 현장에서 대출금을 직접 매도인에게 입금하도록 되어 있고, 이후 이전등기업무를 진행합니다보니, 평일에만 대출을 실행(잔금 지급)이 가능합니다."
대출|[아파트담보대출] 주택금융공사 보금자리론을 아파트담보대출로 대환할 수 있나요?|네, 가능합니다. 다만, 실제 대출의 가능여부 등은 규제 등에 따라 다를 수 있으므로, 예상 한도∙금리 조회(2분 소요)를 진행해 보시기 바랍니다.
대출|[아파트담보대출] 구입자금 대출 진행 중 계약조건이 변경되면 어떻게 하나요?|"계약 조건을 어떻게 변경하실 지에 따라 다릅니다.

■ 잔금일정이 변경된 경우
  - 대출 신청을 하시는 중에 변경되었다면 약정 단계에서 최종 잔금일을 입력하시면 됩니다.
  - 대출 신청 완료하신 이후에 잔금일이 변경되었다면, 실행일 예정일 변경 버튼을 눌러서 변경하시면 됩니다.
  - 다만, 대출 실행일(잔금일) 당일에 잔금일 변경은 불가능합니다. 대출 취소 후 다시 대출을 신청해야 합니다.

■ 이외 대출 조건이 변경된 경우
  - 매도인 사망 : 기존 대출은 취소하시고, 새로운 매매계약서를 작성하여 대출을 신청해야 합니다.
  - 단독명의를 공동명의자로 변경 : 기존 대출은 취소하시고, 새로운 매매계약서를 작성하여 대출을 신청해야 합니다."
대출|[전세대출] 사업자등록을 하지 않은 프리랜서인 경우, 전세대출을 이용할 수 있나요?|"사업자 등록을 하지 않은 프리랜서의 경우 아래 서류를 통해 소득증빙을 진행해주시면 대출 신청이 가능합니다.

■ 소득증빙 서류(예시)
- 위촉(재직)증명서
- 소득금액증명원
- 사업소득원천징수영수증"
대출|[전세대출] 확정일자를 받지 못했는데 확정일자 없이 제출은 안되나요?|"임대차계약서에 확정일자가 없으면 대출이 불가능합니다.

■ 확정일자 발급 기관
- 등기소, 주민센터, 인터넷 등기소 등 선택 가능

단, 임대인이 공공주택사업자(LH,SH 등)인 경우 확정일자 생략이 가능합니다.  "
대출|[전세대출] 주민등록등본상 세대주만 대출이 가능한가요?|"대출 대상은 주민등록등본상 세대주여야만 신청 가능합니다.
다만, 주택금융공사 보증 규정에 따라 아래 4가지 경우에는 세대원을 세대주로 인정하여 대출을 신청할 수 있습니다.

■ 세대주가 아니지만 대출 신청 가능 대상
- 세대주의 배우자
- 세대주의 직계존비속 및 그의 배우자 
- 세대주 및 배우자의 형제자매
- 세대주 배우자의 진계존비속 및 그의 배우자 "
대출|[전세대출] 결혼 여부 선택 시, 사별과 이혼의 경우에는 어떤 걸 선택하나요?|"대출신청 시점에 가족관계증명서 상 현재 정보를 기준으로 선택하여 주시면 됩니다.

■ 결혼 여부 선택
- 대출신청 시점에 사별 혹은 이혼 상태일 때, '미혼' 선택 "
대출|[전세대출] 배우자 동의 없이 전세대출을 이용할 수 있나요?|"기혼일 경우 배우자동의는 필수입니다.

기혼인 고객님은 배우자의 한국주택금융공사의 보증 중복 이용 여부와 정부 정책에 따른 주택 보유 여부 등 대출 대상임을 판단하기 위해서 아래 개인정보 동의 후 확인 절차를 진행합니다.

■ 배우자 동의 필수 개인정보 동의 사항
- 가족관계증명서 상 배우자의 개인(신용)정보 수집 및 제공 동의

케이뱅크 모바일 앱을 통해 개인정보 동의절차를 진행하며, 앱 설치 및 회원가입(케이뱅크 계좌개설)이 사전에 완료되어야 하므로 배우자가 외국인·미성년자이거나 본인명의의 스마트폰을 보유하고 있지 않으면 대출을 진행할 수 없습니다."
대출|[전세대출] 임대차계약사실을 어떤 방식으로 확인하나요?|"임대차계약사실 확인이 필요한 주택은 먼저 고객님께 임대차계약사실 확인이 이루어질 예정임을 문자메시지 등으로 먼저 안내드립니다.

고객님께서는 미리 임대인에게 양해말씀을 구해주시길 부탁드리며, 이후 케이뱅크 재위임사인 권리조사기관에서 임대인(집주인)을 방문하여 임대계약사실을 직접 확인하고 있습니다.

■ 유의사항
- 한국주택금융공사 기준에 의한 임대인 확인 생략 대상일 경우, 공인중개업소에 유선확인 등을 통해 임대차 계약 사실을 확인할 수도 있습니다.  "
대출|[전세대출] 임대인(소유자)가 법인이면, 전세대출이 불가능한가요?|"임대인(소유자)가 법인이면, 해당 법인이 공공주택사업자(LH, SH)이거나 공사가 인정한 임대사업자인 경우에만 가능합니다.

■ 주택금융공사가 인정한 법인임대사업자
- ㈜부영주택
- ㈜우남건설
- 지에스건설㈜
- ㈜동광주택
- 제일건설㈜  "
대출|[전세대출] 임대차계약서를 분실했는데, 대체할 서류가 있을까요?|"■ 임대차계약서 대체 서류 리스트
- 부동산중개업소 : 임대차계약서 사본(부동산보관용), 확정일자 신고내역서(주민센터) 
- 공공주택사업자(LH) : 계약사실확인(원)
- 공공주택사업자(SH) : 원본대조필이 확인된 임차계약서"
대출|[전세대출] 다른 은행에서 전세대출을 이용 중인데, 이사하면서 케이뱅크 전세대출로 바꿀 수 없나요?|다른 은행의 전세대출은 현재 이용 중이시면, 해당 대출을 상환하신 후 케이뱅크 전세대출 상품 이용이 가능합니다.
대출|[전세대출] 월세 계약인 경우 전세대출이 가능한가요?|"보증금이 있는 월세계약은 보증금에 한하여 심사를 통해 전세대출이 가능합니다.

■ 유의 사항
- 매월 납입하는 월세를 지원하는 월세자금대출은 불가합니다. "
대출|[전세대출] (고정금리) 전세대출과 청년 전세대출을 동시에 이용할 수 있나요?|모바일로 진행하는 대출 상품의 특성 상 동시에 이용할 수 없습니다. 다만, 고객님이 보다 편리하게 대출 상품을 비교할 수 있게 한 번의 체크리스트 입력을 통해 신청 가능한 상품의 한도와 금리를 제시해 드립니다.
대출|[전세대출] 소득이 없어도 '청년 전세대출'을 이용할 수 있나요?|"청년 전세대출은 청년의 안정적 주거환경 개선에 도움을 주기 위한 무주택청년 전용 상품으로 대출금의 100%를 한국주택금융공사에서 보증하기 때문에 소득 유무와 상관 없이 대출을 신청할 수 있습니다.

■ 소득없이 청년 대출 신청할 경우
- '소득 없음'을 필수로 증빙   
- 대출 가능여부는 서류 심사 및 권리조사를 통해 최종적으로 확인 가능 "
대출|[전세대출] '청년 전세대출'이란 어떤 상품인가요?|"청년 전세대출은 청년의 안정적 주거환경 개선에 도움을 주기 위한 무주택청년 전용으로, 대출금의 100%를 한국주택금융공사가 보증하는 상품입니다. 대출한도, 금리 등 일반 전세대출과는 차이가 있으니 상품 상세 설명을 꼼꼼히 살펴보시고 본인에게 맞는 상품을 선택해주세요.

■ 상품 기본 내용
- 만 34세 이하 청년 신청 가능
- 대출 한도 : 최대 한도 2억원, 전세(임차보증금)의 90%까지 가능

(경로: 케이뱅크 앱 > 하단 '상품' > 대출 > 전세대출)"
대출|[전세대출] 전세대출 신청은 어떻게 하나요?|"케이뱅크 전세대출은 케이뱅크 앱에서만 신청 가능합니다. 먼저 케이뱅크 회원가입 및 계좌개설을 완료해주세요.
(경로: 케이뱅크 앱 > 하단 '상품' > 대출 > 전세대출)

■ 케이뱅크 전세대출 신청 절차
 ① 케이뱅크 앱 > 상품 > 대출 > 전세대출 메뉴 선택
 ② 상품설명서, 약관 등 내용 확인 및 동의
 ③ 성명, 주민등록번호 입력 후 휴대폰 본인 확인
 ④ 물건지, 소득정보 등 입력 후 예상 한도 및 금리 확인
 ⑤ 인증서(스크래핑) 및 사진 업로드 방식으로 간편 서류제출
     (기혼인 경우 배우자명의 핸드폰에서 케이뱅크 앱 접속하여 개인정보제공동의 필수)
 ⑥ 화면에 제시된 서류제출 완료하고 3영업일 내에 대출심사 결과 수신
 ⑦ 대출 심사결과 확인 후, 희망금액 등 입력을 통해 대출 약정 진행
 ⑧ 잔금일에 고객님께서 '집주인에게 대출금 보내기' 버튼을 눌러 임대인계좌로 대출금 바로 송금
 ⑨ 전입신고 후 주민등록등본 제출 (인증서 또는 이미지업로드 방식 선택 가능)"
대출|[아파트담보대출] 아파트담보대출은 어떻게 신청하나요?|"케이뱅크 아파트담보대출은 대출목적에 따라 '주택구입목적', '대출 갈아타기(대환대출)', '생활안정자금대출' 세가지로 나뉘며, 케이뱅크 앱을 통해 신청 및 진행사항을 확인하실 수 있습니다.

■ 아파트담보대출 신청하기
 - 케이뱅크 앱 > 상품 > 대출 > 아파트담보대출 > 예상한도 확인하기 > 대출목적 선택(구입자금, 대출갈아타기, 생활안정자금) > 조회 결과 확인 > 대출신청"
대출|[대출 갈아타기] 신청 가능한 시간이 정해져있나요?|"대출 갈아타기는 평일 09:00 ~ 16:00에만 신청 및 실행할 수 있습니다.
단, 16:00까지 타행 대출이 상환처리 되지 않은 경우 취소 처리 될 수 있으니, 15:30까지 신청완료 해주시길 권유드려요.
(경로: 케이뱅크 앱 > 하단 '상품' > 대출 > 대출 갈아타기(대출이동서비스))"
대출|[대출 갈아타기] 기존에 보유했던 대출은 어떻게 상환해야 하나요?|보유대출 조회 후, 대출 갈아타기를 신규로 신청하면 대출이동서비스를 통해 기존 대출내역 및 정보를 확인하여 고객님께서 직접 상환할 필요없이 케이뱅크 앱을 통해 진행됩니다.
대출|[대출 갈아타기] 갈아타기 완료 후 취소가 가능한가요?|"대출 갈아타기가 완료된 건은 취소를 할 수 없습니다. 다만, 대출철회는 할 수 있지만 신규 이동된 케이뱅크의 대출 계약만 해지 가능하며 상환된 기존 대출의 원복은 불가능해요.
(경로: 케이뱅크 앱 > 하단 '상품' > 대출 > 대출 갈아타기(대출이동서비스))"
대출|[대출 갈아타기] 다른 은행의 대출을 상환했다는 영수증을 받을 수 있나요?|"기존 대출 상환 내역의 경우 대출 실행이 완료되는 시점에 케이뱅크 앱화면에서 1회성(팝업이미지)으로 확인이 가능합니다. 해당 영수증을 서류로 발급 받으시려면 기존 대출을 보유했던 금융기관에 문의해 주세요.

* 케이뱅크 대출의 상환영수증(대출완납확인서)은 케이뱅크 앱 또는 홈페이지에서 발급 가능
 >> 대출 완납확인서 발급"
대출|[대출 갈아타기] 다른 은행의 마이너스통장 대출을 일반 신용대출로도 갈아 탈 수 있나요?|"네 가능합니다. 만약 다른 은행의 마이너스통장 한도 약정금액이 1,000만원이고 현재 사용 중인 금액이 300만원이라면, 한도 약정금액에 중도상환 수수료 및 기타 비용이 포함된 금액의 신용대출로 갈아탈 수 있습니다.

신용대출로 갈아타기를 완료하면 사용 중인 금액 및 비용을 제외한 나머지 금액이 고객님의 연결 통장으로 입금돼요.
(경로: 케이뱅크 앱 > 하단 '상품' > 대출 > 대출 갈아타기(대출이동서비스))"
대출|[대출 갈아타기] 갈아타려는 다른 금융기관의 대출이 보이지 않는데 어떻게 해야 하나요?|"기존에 보유하신 다른 금융기관 상품이 아래의 갈아타기 불가 대상 대출인지 먼저 확인해 주세요. 
만약, 불가 대상이 아님에도 보이지 않는다면 해당 대출을 보유한 금융기관에 문의해 주세요.

■ 갈아타기 불가 대상
- 담보 및 포괄근저당 설정 대출
- P2P, 사업(기업)자금 대출
- 철회권 행사 가능 대출
- 채권조정 및 특수채권 대출
- 연체대출 또는 압류 및 거래정지 사고신고 계좌 대출
- 거래요청 당일 부채증명원 및 예금잔액증명서 발급된 대출
- 중도상환 수수료가 없는 대출 중 대출신규일로부터 6개월이 경과하지 않은 대출"
대출|[대출이자] 대출 이자(원리금)를 주말에도 납부할 수 있나요?|"대출 이자납부일은 대출 실행일 입니다.
납부일은 케이뱅크앱에서 확인할 수 있고 변경도 가능해요.
 
■ 대출 이자납부일 확인
- 케이뱅크앱 > 전체 > 대출 > 대출 선택 > 우측 상단 '관리' > 현재/변경 이자납부일

* 대출이자는 주말/공휴일 무관하게 출금

 "
대출|[이자납부] 대출 이자는 몇시에 출금되나요?|"대출이자는 공휴일과 관계없이 출금되며, 이자납부일 자정까지 납부가 안 될 경우 연체가 발생할 수 있습니다.

■ 자동출금 시간
- 건별대출: 07:10, 16:00
- 마이너스대출: 07:10

* 미납 시, 마지막 자동출금 시간 이후 수시출금 시도
* 케이뱅크앱에서 직접 납부도 가능
* 대출 상환 계좌(케이뱅크/타기관) 변경 불가

(경로: 케이뱅크 앱 > 하단 '전체' > 대출 > 대출계좌 선택 > 관리 > 이자납부)"
대출|[전세대출] '고정금리 전세대출'이란 어떤 상품인가요?|"고정금리 전세대출은 한국주택금융공사와 케이뱅크가 개별 협약을 체결하여 출시하는 상품으로, 추가 대출금리 상승위험을 완화할 수 있도록 대출 실행일부터 만기일까지 고정금리가 적용되는 전세자금 대출입니다.
대출한도, 금리 등 전세대출 및 청년 전세대출과는 차이가 있으니 상품 상세 설명을 꼼꼼히 살펴보시고 본인에게 맞는 상품을 선택해주세요.
(경로: 케이뱅크 앱 > 하단 '상품' > 대출 > 전세대출)

■ 상품 기본 내용
 - 무주택 세대주 신청 가능
 - 대출 한도: 최대 한도 2억원, 전세(임차보증금)의 90%까지 가능"
대출|[아파트담보대출] 서민·실수요자 요건으로 아파트담보대출을 받을 수 있나요?|안타깝게도 서민·실수요자 대상의 별도 LTV·DSR을 적용하고 있지 않습니다. 아파트담보대출 예상 한도 확인하기를 통해 최대 한도를 확인할 수 있어요.
대출|[아파트담보대출] 임대·매매사업자인데 아파트담보대출을 받을 수 있나요?|안타깝게도 사업자금 대출을 진행하지 않아 아파트담보대출 진행이 불가합니다.
대출|[아파트담보대출] 다주택자도 규제지역 내 구입자금대출을 받을 수 있나요?|네, 가능합니다. 23년 3월 2일 규제 완화로 규제지역별 30~50%까지 구입자금 대출을 받을 수 있어요.
카드|[MY/플러스체크카드] 캐시백은 언제 지급되나요?|"국내에서 결제한 경우 결제 승인일로부터 평일기준 2~3일 후에 캐시백을 지급해드리며, 가맹점의 매출접수 일정에 따라 걸리는 시간은 달라질 수 있습니다.
(보통 평일 오전 8~9시 사이)

* 해외에서 결제한 경우 가맹점의 사정에 따라 캐시백 지급이 더 늦어질 수 있음"
카드|[카드이용] 체크카드 결제한도는 어떻게 되나요?|"■ 체크카드 결제한도
- 기본한도: 1일 6백만원, 월 2천만원
- 최대한도: 1일 2천만원, 월 5천만원

(경로: 케이뱅크 앱 > 하단 '전체' > 내 자산 > 카드 > 해당 카드 선택 > 우측 상단 '관리' > 설정 > 결제한도 변경)"
카드|[캐시백] 매출 취소 시 캐시백이 환수된다고 하는데, 잔고가 없을 경우 어떻게 되나요? 연체정보가 등록되지는 않나요?|"연체 정보로 등록되지는 않습니다.
단, 캐시백이 모두 환수될 때 까지 결제 통장에서 매일 자동으로 출금이 시도됩니다."
카드|[플러스체크카드] 캐시백 지급 시 합산하여 지급된다는 말은 입금내역에 1건[기본+특별]만 보인다는 뜻인가요?|네, 맞습니다. 국내/해외, 일반가맹점/특별혜택 가맹점 구분 없이 모두 합산된 금액으로 일단위 1회 입금되며, 적요(표시내역)는 '플러스 카드 캐시백'으로 표시됩니다.
카드|[캐시백] 캐시백 입금 내역은 어디서 확인하나요?|"케이뱅크 앱을 통해 카드 캐시백 조회를 할 수 있습니다.
(경로: 케이뱅크 앱 > 하단 '전체' > 내 자산 > 카드 > 해당 카드 선택 > 캐시백)"
카드|[플러스체크카드] 기존 상품들은 GS POP서비스가 항상 기본 제공되었는데, 플러스 체크카드도 제공되나요?|"플러스 체크카드의 경우 GS POP서비스가 적용되지 않습니다.
(경로: 케이뱅크 앱 > 하단 '상품' > 카드 > 플러스 체크카드)"
카드|[플러스체크카드] 기본 캐시백과 특별 캐시백은 각각 어떻게 적용되나요?|"기본 캐시백은 전체 이용금액의 0.3% 캐시백이 제공되며, 특별 캐시백은 전월실적 구간에 따라 특별혜택 가맹점에서 이용 시, 브랜드별 1일 1회 / 건당 1,000원 한도로 캐시백이 제공됩니다.

■ 특별캐시백 전월실적 구간 별 한도
- 30만원 이상 시 : 1만원
- 50만원 이상 시 : 2만원
- 70만원 이상 시 : 3만원

단, 캐시백 지급은 매입 확정 기준 1일 1회로 기본/특별 캐시백 합산하여 일단위 지급됩니다."
카드|[플러스체크카드] 캐시백 일자는 승인일자로부터 얼마나 걸리나요?|"일반적으로 국내 거래의 경우 승인일로부터 2~3일 후에 캐시백 처리 됩니다. 그러나 가맹점의 매입요청에 따라 변동이 생길 수 있습니다.

* 해외거래인 경우, 승인으로부터 매입까지 가맹점의 사정에 따라 시일이 더 소요될 수 있음"
카드|[캐시백] 캐시백이 적용된 혜택 가맹점에서의 이용금액도 전월 실적에 포함되나요?|네, 전월실적에 포함됩니다.
카드|[모바일카드] paybooc 앱에 등록된 카드는 모든 가맹점 사용가능한가요?|paybooc 앱과 제휴/연동되어있지 않은 온/오프라인 가맹점에서는 이용불가합니다.
카드|[모바일카드] 분실/재발급시 모바일카드를 먼저 발급받고 사용할수는 없나요?|모바일카드(발급전 사용)는 카드 신규발급 시에만 제공되는 서비스입니다.
카드|[모바일카드] 카카오페이로 카드 등록 후 오프라인에서 결제가 되지 않습니다. 어떻게 해야 하나요?|"금감원의 간편결제 서비스 지침으로 일부 카드사에 한해서 카카오페이 카드 등록 후에 오프라인 결제를 지원하지 않는 카드가 있습니다. 당행 정책이 아닌 카카오페이 정책으로 자세한 사항은 카카오페이 측으로 문의 바랍니다.

* 현재, '케이뱅크 플러스 체크카드'와 'MY 체크카드'에 한해 카카오페이로 등록 후 온/오프라인 모두 결제 가능"
카드|[모바일카드] 카카오페이로 온라인 결제시 GS멤버십 적립이 되나요?|카카오페이 정책으로 멤버십 서비스 제공이 불가합니다. 따라서 GS 멤버십 서비스가 탑재되어 적립이 되는 카드는 카카오페이로 온라인 이용시 적립되지 않습니다.
카드|[카드포인트] 적립된 포인트 조회는 어떻게 하나요?|"포인트 적립내역 조회는 케이뱅크 앱을 통해 가능합니다.
(경로: 케이뱅크 앱 > 하단 '전체' > 내 자산 > 카드 > 해당 카드 선택 > 포인트)

■ 케이뱅크 포인트
- 현금전환 신청 시, 2일 후 연결계좌로 입금

■ 네이버페이 포인트
- 매월 16일 이후 조회 가능 및 24일 네이버페이로 적립"
카드|[카드발급] 미성년자도 체크카드 발급이 가능한가요?|"케이뱅크 체크카드는 케이뱅크 입출금 계좌를 보유한 고객에 한해 발급이 가능하며, 케이뱅크에서 계좌 개설 가능 연령인 만 17세 이상부터 체크카드 발급이 가능합니다.

* 후불교통카드의 경우, 만 18세 이후부터 발급 및 이용 가능"
카드|[후불교통카드] 교통비는 언제 출금되나요?|"후불 교통카드 이용대금 결제는 아래와 같습니다.

■ 산정기준
- 전월 2일 ~ 당월 1일까지 이용한 누적금액
■ 출금일시
- 평일, 매월 15일 20:00
ㆍ공휴일인 경우 다음영업일 20:00
■ 출금계좌
- 카드와 연동된 계좌에서 출금

* 잔액부족으로 미출금 시 15일 다음 평일부터 매일 20:00에 자동 재출금 시도
* 교통사업자 이용내역 전달 일정에 따라 청구월 변동 가능
* 결제일 변경은 불가"
카드|[후불교통카드] 후불교통카드 이용대금이 연체되었는데 어떻게 하나요?|"매월 15일 20시에 출금이 되지 않았을 경우, 다음날부터 매 영업일 20시에 재출금을 시도합니다.
카드와 연동된 입출금통장에 이용대금을 입금해주세요.

* 미납 금액 확인 및 직접 납부는 체크카드 고객센터(1522-1155 / 평일 09-18시)로 문의주세요.
* 연체 금액 납입 후, 교통카드기능 정상화에 2~3영업일 정도 소요될 수 있습니다."
카드|[후불교통카드] 제 카드에 교통카드 기능이 있나요?|"후불교통 기능을 이용하려면 발급 신청시 시 후불교통 기능을 체크해야 이용할 수 있습니다.
(체크한 경우 카드 뒷면에 '후불교통카드' 표기 O)

■ 뒷면에 표기가 없는 경우
- 카드 재발급을 통해 「후불교통기능」 선택
- 이미 발급 완료된 카드는 카드 재발급을 통해서만 기능 추가 가능

(경로: 케이뱅크 앱 > 하단 '전체' > 내 자산 > 카드 > 해당 카드 선택 > 우측 상단 '관리' > 카드 재발급)"
카드|[후불교통카드] 후불교통카드 이용내역을 알고 싶어요|"케이뱅크 앱을 통해 확인할 수 있습니다.
(경로: 케이뱅크 앱 > 하단 '전체' > 내 자산 > 카드 > 카드 조회 > 교통카드 이용내역)"
카드|[후불교통카드] 교통카드 금액이 이중출금 되었어요|이중출금된 건은 익일 16시 경 자동 환불됩니다.
카드|[카드재발급] 카드를 재발급 받고 싶습니다.|"카드 재발급은 케이뱅크 앱을 통해 할 수 있습니다.
(단, 케이뱅크 제휴 신용카드(삼성iD카드, 롯데카드, SIMPLE카드)는 각 제휴카드사 고객센터로 문의 부탁드립니다.)

■ 기존에 VISA (해외결제) 또는 후불교통기능이 있는 카드를 사용중이었다면?
- 재발급 시 해당 기능 추가를 한 번 더 선택해야 이전과 동일하게 사용 가능

■ 간편결제 (삼성페이, Paybooc 등) 및 자동이체를 이용중이었다면?
- 재발급한 카드로 새로 등록 하여 사용권장(재발급 카드 사용 후에도 기존카드는 간편결제에 한해서 결제가능)

(경로: 케이뱅크 앱 > 하단 '전체' > 내 자산 > 카드 > 해당 카드 선택 > 우측 상단 '관리' > 카드 재발급)"
카드|[배송] 카드 배송은 며칠 소요되나요?|"카드 배송은 약 3~5영업일 (공휴일 제외) 소요됩니다.

* 카드가 반송될 경우 일반카드 (OTP 기능 미탑재)는 폐기되오니 재발급 신청해주세요."
카드|[카드발급조회] 카드발급 신청이 정상적으로 되었나요?|"케이뱅크 앱을 통해 카드 발급신청 상태 및 배송지 조회를 할 수 있습니다.
(경로: 케이뱅크 앱 > 하단 '전체' > 내 자산 > 카드 > 해당 카드 선택)



만일 조회되는 카드가 없거나, 신청한 카드가 보이지 않는다면 다시 신청해야 합니다."
카드|[네이버페이체크카드] 신규 발급 시 네이버 실명확인이 안됩니다!|케이뱅크 고객정보에 등록된 주민등록번호와 네이버 가입 시 사용한 주민등록번호가 일치해야 합니다. 일치 여부를 한 번 더 확인해주세요.
카드|[카드이용] 체크카드로 인터넷/모바일 결제가 되나요?|쇼핑몰 결제창에서 「신용/체크카드 선택 → BC(페이북) 또는 케이뱅크 선택」 후 결제 가능합니다.
카드|[카드이용] 카드 결제 하려는데 사용이 안됩니다!|카드 승인 거절 관련문의 (승인거절 사유 및 내역, 승인거절 시 출금 오류 등)는 카드고객센터(1522-1155)로 전화 부탁드립니다.
카드|[카드결제취소/환급] 국내 또는 해외에서 매출 취소 시 언제 환급되나요?|"결제일:
당일

국내:
즉시 환급

해외:
익일이후

"
카드|[카드이용] 카드 수령 후 즉시 이용 가능한가요?|"본인 수령한 경우와 제 3자 수령한 경우에 따라 다릅니다.

■ 본인 수령
- 즉시 사용 가능

■ 제 3자 수령
- 케이뱅크 앱을 통해 사용등록 필수
(경로: 케이뱅크 앱 > 하단 '전체' > 내 자산 > 카드 > 해당 카드 선택)"
카드|[카드재발급] 재발급된 카드를 받았다면 기존 카드는 버리나요?|"네, 기존 카드는 재발급된 카드 사용시점 또는 재발급 60일 이후부터 정지되오니 폐기해주세요.
(단, 간편결제에 등록된 기존카드는 간편결제를 통해서만 예외적인 사용이 가능하나 재발급된 카드 사용을 권장 드려요.)"
카드|[카드이용] 해외에서 체크카드 이용 시 실시간으로 출금되나요?|"네, 즉시 출금됩니다.

다만, 기내면세점과 같이 무승인처리되는 가맹점에서 이용한 경우 매출전표를 은행에서 매입하는 시점에 고객계좌에서 출금됩니다. (시일 소요)"
카드|[카드이용] 해외에서 ATM 통한 현금 인출이 되나요?|VISA가 표시되어 있는 체크카드의 경우, 해당 브랜드 로고가 있는 ATM기기를 통해 계좌잔액 내에서 가능합니다. (단, 해외 ATM 인출한도 가 있는 경우 해당 한도를 적용 받을 수 있음)
카드|[카드이용] 해외 ATM에서 현금 인출 시, 현금은 안 나오고 통장에서만 인출된 경우 어떻게 해요?|"■ 대응 방법
- 즉시 해외 현지 은행에 문의
- 미인출 시 발생한 명세표는 반드시 보관
- 이의제기 시 회수 가능성 높음
- 추후 환급 지연 시 케이뱅크 고객센터 문의
ㆍ케이뱅크 고객센터 (1522-1000 / 24시간 가능)
ㆍ해외 (+82-2-3778-9111)"
카드|[카드이용] 해외 ATM에서 비밀번호 6자리를 입력하라는데 어떻게 하나요?|일부 해외가맹점/ATM 이용 시 비밀번호 6자리를 요구하는 경우, 최초 설정한 카드 비밀번호 4자리 + 숫자 '00'을 입력하면 됩니다.
카드|[카드이용] 해외에서 카드 이용이 안 됩니다.|"■ 확인사항
- 국제브랜드 (VISA) 카드가 해외가맹점에서 사용 가능한지 확인
- 카드 비밀번호 재확인
- 계좌 잔고/카드 이용한도 확인
- 계좌 상태 확인
ㆍ '긴급중지' 상태 시, 사고신고 철회 신청
  (경로: 케이뱅크 앱 > 하단 '전체' > 고객센터 > 사고 신고·해제)

- 카드 해외결제 가능 여부 확인
  (경로: 케이뱅크 앱 > 하단 '전체' > 내 자산 > 카드 > 해당 카드 선택 > 우측 상단 '관리' > 카드 사용 > 해외 결제 일시정지)


■ 위 사항들이 모두 정상임에도 이용되지 않는 경우
- 카드 마그네틱 또는 IC Chip 손상 가능성, 카드재발급 필요
  (경로: 케이뱅크 앱 > 하단 '전체' > 내 자산 > 카드 > 해당 카드 선택 > 우측 상단 '관리' > 신청 > 카드 재발급)"
카드|[카드이용] 해외에서만 카드이용이 안 되게 할 수 있나요?|"네, 케이뱅크 앱을 통해 해외결제 기능(해외결제, 해외원화결제)을 정지/복구할 수 있습니다.
(경로: 케이뱅크 앱 > 하단 '전체' > 내 자산 > 카드 > 해당 카드 선택 > 우측 상단 '관리' > 해외 결제 일시정지/해외 원화 결제 차단)"
카드|[카드이용] 해외에 나가지도 않았는데 카드 승인 문자가 옵니다.|"해외 온라인사이트에서 이용한 내역이 있는지 확인 후, 이용내역이 없을 경우 고객센터로 문의해주세요.

* 국제 BC카드 고객센터 (02-330-5713)"
카드|[알뜰교통] 알뜰교통 마일리지가 적립되지 않았어요.|"마일리지 적립 관련 문의는 알뜰교통 고객센터(031-427-4415) 또는 홈페이지(https://alcard.kr)를 통해 문의해 주시기 바랍니다.

>> MY 체크카드 상품 보기"
카드|[알뜰교통] 알뜰교통 마일리지 적립 기준이 궁금해요.|"1. 대중교통 1회 이용 시 보행 또는 자전거로 이동거리 최대 800m까지 인정되며, 월 15회 미만 이용 시 적립액은 소멸됩니다. 마일리지는 최대 60회 이용분까지 적립됩니다.

2. 마일리지 적립액은 대중교통 이용금액에 따라 최대 지급액이 결정되며, 적립액은 보행 또는 자전거의 이동거리에 비례하여 적립됩니다. 마일리지 지급액은 대중교통 이용금액의 최대 90%까지 지급받을 수 있습니다.

3. 환경의 날, 미세먼지주의보 발령일에는 마일리지 2배 적립, 저소득층 서류 제출 시 최대 마일리지를 상향하여 적립할 수 있습니다.



>> MY 체크카드 상품 보기"
카드|[알뜰교통] 알뜰교통 이용방법이 궁금해요.|"1. 케이뱅크 앱 > 상품 > 카드 메뉴에서  'MY체크카드 (알뜰교통 플러스)' 카드를 신청(교체발급)합니다.

2. Google play 및 App store 에서 '알뜰교통카드' 앱을 다운로드 후 회원가입 진행 또는 알뜰교통카드 홈페이지(https://alcard.kr)를 통해서 회원가입 가능합니다.
* 알뜰교통카드 회원가입 시 카드번호를 입력하므로, 'MY체크카드(알뜰교통 플러스)' 카드 신청이 반드시 선행되어야 함

3. 알뜰교통 앱에서 출발지, 도착지 정보를 입력하고 'MY체크카드 (알뜰교통 플러스)' 로 대중교통을 이용합니다.

앱 이용에 대한 문의는 알뜰교통 고객센터(031-427-4415) 또는 홈페이지(https://alcard.kr)를 통해 문의해주시기 바랍니다.

>> MY 체크카드 상품 보기"
카드|[알뜰교통] '알뜰교통'이 뭔가요?|"대중교통비 지출에 부담이 큰 서민의 교통비를 절감하고, 보행·자전거 등 친환경 교통 수단을 동시에 활성화 할 수 있는 새로운 수요 관리 정책으로서 개인의 자발적인 대중교통 이용을 통해 마일리지를 적립, 지급하는 정부(국토교통부) 사업의 명칭입니다.

알뜰교통사업 제도와 관련된 자세한 상담은 한국교통안전공단으로 문의해주세요.
 ■ 한국교통안전공단
- 054-459-7442 / 054-459-7446 / 054-459-7441

>> MY 체크카드 상품 보기"
카드|[알뜰교통] 알뜰교통앱에 카드등록이 되지않아요.|"알뜰교통앱에 등록 가능한 카드는, 'MY체크카드(알뜰교통 플러스)'입니다.
케이뱅크 앱 카드조회 메뉴에서 보유중인 카드가 'MY(알뜰교통)'으로 표기되지 않을 경우, 카드를 등록할 수 없습니다.
등록을 원하시면, 재발급 메뉴 또는 MY체크카드 상품안내페이지에서 알뜰교통 기능이 탑재된 후불교통카드로 교체발급 신청해주세요.

>> MY 체크카드 상품 보기"
카드|[알뜰교통] 마일리지 지급일은 언제인가요?|"전월 이용내역에 대해, 당행 후불교통요금 출금일인 15일에 '알뜰교통 마일리지 할인' 적요로 카드 연결계좌에 지급됩니다.

>> MY 체크카드 상품 보기"
카드|[MY체크카드] 알뜰교통플러스로 교체발급하면 실적은 어떻게 계산되나요?|"교체발급 하더라도 이용실적은 기존 카드와 합산해서 계산됩니다.

>> MY 체크카드 상품 보기"
카드|[MY체크카드] 대중교통 3천원 캐시백이 궁금해요.|"MY체크카드로 전월실적 30만원 이상 & 전월 후불교통 이용금액 5만원 이상 시, 당월 후불교통 이용대금 출금일에 MY체크카드에 연결된 계좌로 3천원 캐시백 드리는 혜택입니다.
자세한 내용은 MY체크카드 상품안내페이지를 참고해주세요."
카드|[해외결제] 해외원화결제(DCC)차단 서비스가 무엇인가요?|"해외거래(온라인/오프라인)에서 원화(KRW)로 결제 시 발생할 수 있는 추가 수수료(3~8%) 부담을 방지하기 위해 해외원화결제 기능을 사전에 차단하는 서비스입니다.
케이뱅크 앱에서 해외결제, 해외원화결제 기능을 정지 및 복구할 수 있어요.

■ 경로
- 케이뱅크 앱 > 전체 > 카드 > 카드 선택 > 우측 상단 '관리' > 해외 결제 일시정지/해외 원화 결제 차단

* 해외원화결제(DCC)차단 서비스 신청 시, 다음날 오전부터 적용되며 기본통화가 원화로 설정된 일부 해외 가맹정(ATM)포함에서는 승인 거절될 수 있음."
카드|[카드이용] 하이브리드 카드를 발급 받을 수 있나요?|"아쉽지만 하이브리드 카드는 현재 판매 중이지 않습니다.
판매 중인 다른 카드 상품을 확인해주세요."
카드|[카드이용] 카드 이용대금명세서는 어떻게 발급받나요?|"체크카드 이용대금 명세서는 기간에 따라 발급 방법이 다릅니다.

■ 최근 6개월 이내 이용대금 명세서 발급
- 케이뱅크 앱
(경로: 케이뱅크 앱 > 하단 '전체' > 내 자산 > 카드 > '카드명세서')

■ 6개월 초과 내역 발급 및 이메일 발송
- 체크카드 고객센터(1522-1155)



* 체크카드 이용대금명세서는 팩스, 우편 발급 불가
* 케이뱅크 제휴 신용카드(삼성iD카드, 롯데카드, SIMPLE카드)의 카드명세서는 각 카드사 고객센터를 통해 신청
* 삼성iD카드: 1588-8700/ 롯데카드: 1588-8100/ SIMPLE카드: (BC카드)1899-7771"
카드|[카드이용] 제가 발급받은 카드의 카드번호와 유효기간을 어떻게 알 수 있나요?|"카드정보는 케이뱅크 앱을 통해조회할 수 있습니다.
(경로: 케이뱅크 앱 > 하단 '전체' > 내 자산 > 카드 > 카드 조회)


* CVC번호(숫자 3자리)는 실물카드 뒷면을 통해서만 확인 가능
* 케이뱅크 제휴 신용카드의 정보는 각 카드사 앱/고객센터를 통해 확인"
카드|[SIMPLE카드] '케이뱅크 SIMPLE 카드' 이용대금을 선결제 하고싶어요.|"이용대금 선결제는 페이북 앱에서 신청할 수 있습니다.

■ 이용대금 선결제 방법
- BC카드 고객센터: 1899-7771
- 페이북 앱
ㆍ로그인 > 더보기 > 이용내역 > 즉시결제"
카드|[SIMPLE카드] '케이뱅크 SIMPLE 카드'를 해지하고 싶어요.|"카드 해지는 'BC카드 모바일 웹'을 이용하시거나 BC카드 고객센터로 연락주시기 바랍니다.

■ 해지 방법
- BC카드 앱/홈페이지
ㆍ로그인 > 마이BC > 카드관리 > 분실·재발급 > 상단 '카드 해지' 버튼
- BC카드 고객센터
ㆍ1899-7771"
카드|[SIMPLE카드] '케이뱅크 SIMPLE 카드' 현금카드 기능이 뭔가요?|"신용카드로 ATM·CD에서 현금카드 기능(현금 입출금·이체)을 사용할 수 있는 서비스입니다.

* 최초 신용카드 개설 시 선택한 결제계좌(케이뱅크 계좌)로만 현금카드 기능 가능
* 신용카드 해지/사고접수/결제계좌(타행)을 변경 시 현금카드 기능 정지
* 카드 발급 이후 현금카드 기능 추가를 원할 경우 기존 카드를 해지 후 재발급 필요
* 현금카드 이용 시, 입출금·이체 수수료는 케이뱅크 수수료 정책과 동일"
카드|[SIMPLE카드] 이미 '케이뱅크 SIMPLE 카드'를 발급 받았는데, 현금카드 기능을 추가하고 싶어요|"현금카드 기능을 추가하고 싶으시다면, 먼저 발급 받은 카드를 해지 후 다시 신청해주시기 바랍니다.
(이미 발급된 카드에는 현금카드 기능을 추가할 수 없습니다.)"
카드|[SIMPLE카드] '케이뱅크 SIMPLE 카드'를 분실했어요|"분실하신 즉시 '페이북 앱' 혹은 BC카드 고객센터를 통해 분실신고를 부탁드립니다.

■ 분실신고 경로
- 페이북 앱
ㆍ로그인 > 더보기 > 카드관리 > 분실/재발급
- BC카드 고객센터
ㆍ1899-7771"
카드|[SIMPLE카드] '케이뱅크 SIMPLE 카드'는 가족카드 신청 가능한가요?|불가합니다. '케이뱅크 SIMPLE 카드'는 본인 카드만 발급 가능합니다.
카드|[SIMPLE카드] '케이뱅크 SIMPLE 카드' 내가 받은 혜택을 확인하고 싶어요|"제공 받은 카드혜택은 '페이북 앱'에서 확인 가능합니다. 

■ 카드 혜택현황 조회 경로
- 페이북 앱
ㆍ로그인 > 더보기 > 이용내역 > 내가 받은 혜택 "
카드|[SIMPLE카드] '케이뱅크 SIMPLE 카드' 이용내역을 확인하고 싶어요|"카드 이용 내역은 '페이북 앱'에서 확인 가능합니다.

■ 조회 경로
- 페이북 앱
ㆍ로그인 > 더보기 > 이용내역  "
카드|[SIMPLE카드] '케이뱅크 SIMPLE 카드' 비밀번호를 변경하고 싶어요|"카드 비밀번호 변경은 'BC카드 앱' 혹은 BC카드 고객센터에 문의해주시기 바랍니다.

■ 비밀번호 변경
- BC카드 앱
ㆍ로그인 > 고객센터 > BC바로카드 이용관리 > 비밀번호 변경
- BC카드 고객센터
ㆍ1899-7771"
카드|[SIMPLE카드] '케이뱅크 SIMPLE 카드' 결제일 & 결제계좌를 변경하고 싶어요|"카드 결제 정보 변경은 '페이북 앱'에서 신청해주시기 바랍니다.
단, 신규 발급 카드는 발급일로부터 60일 이후 결제일을 변경할 수 있으며 변경 후 60일 동안 재변경이 불가합니다.

■ 결제일/결제계좌 변경 경로
- 페이북 앱(7.4.2 이후 버전)
ㆍ로그인 > 더보기 > 카드 관리 > 결제일/결제계좌 변경"
카드|[SIMPLE카드] '케이뱅크 SIMPLE 카드' 배송지를 변경하고 싶어요|"카드 배송지 변경은 BC카드 고객센터에 문의주시기 바랍니다.

■ BC카드 고객센터 
ㆍ1899-7771

■ 카드 발급/배송 조회 경로
- 페이북 앱
ㆍ로그인 > 더보기 > 카드 신청 > 카드 발급 조회"
카드|[SIMPLE카드] '케이뱅크 SIMPLE 카드' 배송은 얼마나 걸리나요?|"발급 완료 후 평일 기준 3~5일 소요됩니다. 다만 카드사 사정에 따라 달라질 수 있습니다.

■ 발급 조회
- 페이북 앱
ㆍ로그인 > 더보기 > 카드 신청 > 카드 발급 조회

■ 배송지 변경 요청
 - BC카드 고객센터
ㆍ1899-7771"
카드|[SIMPLE카드] '케이뱅크 SIMPLE 카드'가 발급되었는지 궁금해요|"카드 신청과 발급현황은 '페이북 앱'에서 확인할 수 있습니다.

■ 발급 조회
- 페이북 앱
ㆍ로그인 > 더보기 > 카드 신청 > 카드 발급 조회 "
카드|[SIMPLE카드] '케이뱅크 SIMPLE 카드' 신청을 취소하고 싶어요|카드 신청 취소는 BC카드 고객센터(1899-7771)에 문의해주시기 바랍니다.
카드|[SIMPLE카드] '케이뱅크 SIMPLE' 카드발급 자격은 어떻게 되나요?|"케이뱅크 입출금통장을 보유한 만 19세 이상 고객이라면 누구나 케이뱅크 앱에서 신청할 수 있습니다.
단, 금융당국에서 마련한 '신용카드 발급 및 이용한도 부여에 관한 모범규준'을 비롯하여 BC카드가 정한 내부자격 및 신용 기준을 충족하는 경우 발급 가능합니다.

* 케이뱅크 금융상품(예·적금, 대출) 이용 고객에게는 발급 및 한도심사에서 우대조건 제공
* 신용카드 발급 승인 및 한도 심사 등, 자세한 발급 조건은 BC카드 고객센터(1899-7771)로 문의"
카드|[SIMPLE카드] '케이뱅크 SIMPLE' 카드 어떤 혜택이 있나요?|"전월 실적 및 한도 제한 없이 최대 1.5% 청구 할인 혜택을 드립니다.

■ 기본 혜택
- 국내외 가맹점 0.8% 청구 할인

■ 플러스 혜택
- 생활밀착 영역 1.5% 청구 할인
- 생활밀착 영역 대상 : 온라인 간편결제, 편의점, 커피전문점, 교통·이동통신 요금, 디지털

■ 유의사항
- 기본 혜택과 플러스 혜택은 중복 적용이 불가합니다.
- 생활밀착 영역 대상 가맹 점 및 기타 할인 제외 대상 등 자세한 혜택 관련 상세 내용은 아래 내용을 참고해주세요."
카드|[SIMPLE카드] '케이뱅크 SIMPLE' 카드는 어떤 카드인가요?|"케이뱅크와 BC카드가 제휴하여 발행하는 신용카드입니다.
케이뱅크 고객에게 다양한 혜택을 드리기 위해 만들어진 카드로 전월 실적 및 한도 없이 최대 1.5% 청구 할인 혜택을 받으실 수 있습니다.
(경로: 케이뱅크 앱 > 하단 '상품' > 카드 > 케이뱅크 SIMPLE카드)"
Hi teen(하이틴)|[Hiteen] Hi teen 서비스란 무엇인가요?|"Hi teen은 입금, 출금, 이체 및 Hi teen카드를 통한 결제 서비스까지 모두 이용 가능한 청소년을 위한 선불전자지급수단입니다.
(경로: 케이뱅크 앱 > 하단 '전체' > 청소년 > Hi teen)"
Hi teen(하이틴)|[Hiteen] Hi teen은 누구나 만들 수 있나요?|"Hi teen은 본인명의 휴대폰을 소지한 만 14세~만 18세 미만 내국인이라면 누구나 만들 수 있습니다.
(경로: 케이뱅크 앱 > 하단 '전체' > 청소년 > Hi teen)"
Hi teen(하이틴)|[Hiteen] Hi teen은 어떻게 만드나요?|"Hi teen은 케이뱅크 앱을 통해 휴대폰 본인인증 진행 후 가입할 수 있습니다.
(경로: 케이뱅크 앱 > 하단 '전체' > 청소년 > Hi teen)"
Hi teen(하이틴)|[Hiteen] Hi teen에 넣어둔 돈은 어떻게 출금할 수 있나요?|Hi teen에 넣어둔 돈을 다른 은행으로 이체하거나, Hi teen 카드로 ATM을 통해 출금할 수 있습니다.
Hi teen(하이틴)|[Hiteen] Hi teen의 이체/출금한도는 얼마인가요?|"Hi teen은 이체 및 출금금액에 대한 한도가 합산되어 적용되며, 하루 30만원, 한달 200만원까지 이용할 수 있습니다.
만약 오늘 이체와 출금금액을 합한 금액이 25만원 이었다면, 같은 날에 이체와 출금금액을 합한 금액이 추가로 5만원을 초과할 수 없어요."
Hi teen(하이틴)|[Hiteen] Hi teen에 어떻게 입금해야 하나요?|"다른 은행에서 케이뱅크 Hi teen으로 이체하거나 ATM을 통해 직접 현금을 입금하는 방법이 있습니다.

◼︎ 다른 은행에서 케이뱅크 Hi teen로 이체하는 방법
- 받는 사람의 계좌번호란에 '8888'로 시작하는 Hi teen 번호를 입력

◼︎ ATM에서 케이뱅크 Hi teen으로 입금하는 방법
- 전국 모든 은행 및 편의점 등의 ATM에 케이뱅크 Hi teen카드를 이용하여 현금 입금 가능"
Hi teen(하이틴)|[Hiteen] Hi teen을 여러 개 만들 수 있나요?|"Hi teen는 1인당 1개만 만들 수 있습니다.
(경로: 케이뱅크 앱 > 하단 '전체' > 청소년 > Hi teen)"
Hi teen(하이틴)|[Hiteen] Hi teen 비밀번호 변경은 어디에서 할 수 있나요?|케이뱅크 앱을 통해 재설정 할 수 있습니다.
Hi teen(하이틴)|[Hiteen] Hi teen 비밀번호를 잊어버리거나, 5회 이상 틀리게 입력한 경우에는 어떻게 해야 하나요 ?|케이뱅크 앱을 통해 본인 명의 휴대폰 인증 후 비밀번호를 재설정 할 수 있습니다
Hi teen(하이틴)|[Hiteen] Hi teen 비밀번호를 확인할 방법이 있나요?|Hi teen 비밀번호는 조회할 수는 없습니다. 다만, 케이뱅크 앱을 통해 본인 명의 휴대폰 인증 후 비밀번호를 재설정 할 수 있습니다.
Hi teen(하이틴)|[Hiteen] Hi teen는 예금자보호가 되나요?|Hi teen은 선불전자지급수단으로 예금자보호 대상이 아닙니다.
Hi teen(하이틴)|[Hiteen] Hi teen으로 해외송금을 보내거나 받을 수 있나요?|Hi teen은 선불전자지급수단으로 해외로 돈을 보내거나 받을 때 사용할 수 없습니다.
Hi teen(하이틴)|[Hiteen] Hi teen에 들어있는 금액에도 이자가 지급되나요?|Hi teen은 선불전자지급수단으로 별도의 이자가 발생되지 않습니다.
Hi teen(하이틴)|[Hiteen] Hi teen을 해지하고 싶은데 어떻게 해야 하나요?|"케이뱅크 Hi teen은 케이뱅크 앱을 통해 해지할 수 있습니다. Hi teen을 해지하는 경우에는 아래 내용을 꼭 확인해주세요.

 - Hi teen카드가 있는 경우 해당 카드를 먼저 해지해주세요.
 - Hi teen에 잔액이 있다면 다른 은행으로 모두 옮겨서 0원으로 만들어주세요.
 - 대기 중인 Hi teen 연락처송금 거래 또는 받아야 할 캐시백 등의 거래가 있는지 해지 전에 꼭 확인해주세요.
 - 해지일을 포함하여 30일 동안은 Hi teen을 다시 만들 수 없습니다."
Hi teen(하이틴)|[Hiteen] '연락처 송금'이 무엇인가요?|상대방의 계좌번호를 모르더라도 휴대폰 번호와 이름만으로 간편하게 송금할 수 있는 기능입니다.
Hi teen(하이틴)|[Hiteen] '용돈요청하기'가 무엇인가요?|"4종의 메시지카드를 선택하고 메시지를 입력하여 카카오톡으로 보내면 상대방에게 메시지가 전달됩니다.
메시지를 받은 분은 카카오톡에서 메시지카드를 눌러 간편하게 Hi teen으로 용돈을 이체할 수 있습니다."
Hi teen(하이틴)|[Hiteen] '입금대기금액'이란 무엇인가요?|"'입금대기금액'이란 이체 취소, 또는 결제 취소 등의 사유로 취소된 금액이 Hi teen으로 입금되지 못할 경우 발생하는 금액입니다. 케이뱅크 Hi teen의 보유한도는 최대 50만원이오니, 해당 금액을 입금받을 수 있도록 잔액을 관리해주세요.
Hi teen에 입금 처리할 수 있는 한도가 생기는 경우 입금대기금액은 자동으로 Hi teen으로 입금됩니다."
Hi teen(하이틴)|[Hiteen] 자동이체 등록은 가능한가요?|Hi teen은 선불전자지급수단으로 휴대폰 요금, 렌탈요금 납부 등과 같은 요금을 자동이체/자동납부 계좌로 등록할 수 없습니다. 단, Hi teen 이용자 및 케이뱅크 입출금계좌를 보유한 회원끼리는 자동이체를 통해 정기/주기적으로 금액을 이체할 수 있습니다.
Hi teen(하이틴)|[Hiteen] 카카오톡 친구에게 돈을 보냈는데, 친구가 받지 않으면 어떻게 되나요?|친구가 다음날 자정까지 돈을 받지 않으면 해당 이체건은 취소되어 Hi teen으로 다시 입금됩니다.
Hi teen(하이틴)|[Hiteen] 일반 입출금계좌로 업그레이드를 하려고 하는데 업그레이드가 안됩니다. 왜 그럴까요?|"■ 업그레이드 전 확인사항
- Hi teen 연락처 송금을 한 경우, 보낸 돈이 '송금 수령' 혹은 '송금 취소' 상태여야 함.
ㆍ '수령 대기' 상태인 경우 업그레이드 불가
- 당일 발급 또는 재발급 신청한 Hi teen 카드가 있을 경우, 발급 취소가 필요함.
ㆍ신청 당일: 앱에서 취소가능, 신청 당일 이후: 고객센터 문의"
Hi teen(하이틴)|[Hiteen] 얼마 전 주민등록증을 발급 받았는데, 이용 중인 Hi teen을 일반 입출금계좌로 변경할 수 있나요?|"네 가능합니다. 만 17세 이상이고, 주민등록증을 발급 받은 경우 '업그레이드 안내' 버튼을 클릭하여 일반 입출금계좌로 전환할 수 있습니다. 업그레이드 전 Hi teen 서비스 해지로 불편한 점이 없는지 확인 후 진행 해주세요.

■ 유의사항
- 일반 입출금계좌로 전환 시 기존 Hi teen 카드는 자동해지
- 기존 Hi teen 잔액은 전환된 일반 입출금계좌로 편입
- Hi teen과 일반 입출금계좌는 동시 보유 불가"
Hi teen(하이틴)|[Hiteen] Hi teen을 간편결제 서비스에 등록해서 사용할 수 있나요?|"Hi teen은 선불전자지급수단으로 간편결제 서비스에 등록할 수 없습니다.
단, Hi teen 카드는 간편결제 서비스에 등록하여 이용할 수 있습니다."
Hi teen(하이틴)|[Hiteen 카드] Hi teen 카드의 캐시비 이용내역은 어디에서 확인할 수 있나요?|캐시비 이용내역 및 잔액은 캐시비 모바일앱, 홈페이지 및 해당 고객센터(1644-0006, 평일 09:00~18:00)를 통해 확인할 수 있습니다.
Hi teen(하이틴)|[Hiteen 카드] Hi teen 카드의 선불 캐시비 잔액을 환불하고 싶으면 어떻게 해야 하나요?|"선불 캐시비 잔액 환불은 가까운 편의점에서 가능합니다.
Hi teen 카드의 훼손으로 선불 캐시비 사용이 불가능한 경우나, 선불 캐시비 잔액을 현금으로 환불받고자 하는 경우에 환불을 요청할 수 있어요.

* 환불시에는 소정의 수수료가 발생됨.(해당 편의점 혹은 캐시비 홈페이지를 통한 확인 필요)"
Hi teen(하이틴)|[Hiteen 카드] 사용 중인 다른 캐시비 카드의 잔액을 Hiteen 카드의 캐시비로 옮길 수 있나요?|기존에 사용 중인 선불 캐시비 카드의 잔액을 Hi teen 카드 캐시비 잔액으로 이전할 수 있습니다.
Hi teen(하이틴)|[Hiteen 카드] Hi teen 카드 청소년 요금은 어떻게 신청하나요?|"Hi teen 카드 신청 시 자동으로 캐시비 청소년 요금이 적용됩니다.
만약 청소년 요금이 적용되지 않았을 경우, 캐시비 홈페이지에서 직접 Hi teen 카드를 등록하거나 편의점 등에서 청소년 요금제를 등록 후 이용해 주세요."
Hi teen(하이틴)|[Hiteen 카드] Hi teen 카드로 교통카드는 어떻게 이용하나요?|"캐시비 교통카드 기능은 캐시비 앱 및 편의점 등을 통하여 충전 후에 이용할 수 있습니다.

*Hi teen의 잔액과는 별도로 충전 필요 "
Hi teen(하이틴)|[Hiteen 카드] Hi teen 카드 결제내역을 알림으로 받고 싶은 경우 어떻게 신청해야 하나요?|"케이뱅크 앱을 통해 신청할 수 있습니다.
(경로: 케이뱅크 앱 > 하단 '전체' > 내자산 > 카드 > 관리 > 결제 알림 서비스)"
Hi teen(하이틴)|[Hiteen 카드] Hi teen 카드신청 후 주소가 변경되었습니다. 변경된 주소로 카드를 받을 수 있나요?|"Hi teen 카드의 수령지 주소를 잘못 입력하여 신청 당일에 카드신청을 취소하고 다시 신청해주시기 바랍니다.

* 신청한 당일 이후 취소 및 재신청 하는 경우에는 재발급수수료(3,000원)이 부과됨 "
Hi teen(하이틴)|[Hiteen 카드] 부재중으로 카드배송이 반송된 경우, 다시 배송 받을 수 있나요?|"Hi teen 카드가 반송이 되는 경우에는 재배송이 불가능합니다.
케이뱅크 앱을 통해 Hi teen 카드의 재발급을 신청해 주세요.
(경로: 케이뱅크 앱 > 하단 '전체' > 내 자산 > 카드 선택> 우측 상단 '관리' > 신청 > 카드 재발급)"
Hi teen(하이틴)|[Hiteen 카드] Hi teen 카드의 영문이름을 잘못 입력한 경우, 어떻게 변경하나요?|"Hi teen 카드의 영문이름을 잘못 입력하여 신청한 경우, 신청 당일에 카드신청을 취소하고 다시 신청해주시기 바랍니다.

* 신청한 당일 이후 취소 및 재신청 하는 경우에는 재발급수수료(3,000원)이 부과됨 "
Hi teen(하이틴)|[Hiteen 카드] Hi teen 카드를 일시적으로 정지할 수 있나요?|"케이뱅크 앱을 통해 결제서비스를 일시정지 할 수 있습니다.
(경로: 케이뱅크 앱 > 하단 '전체' > 내 자산 > 카드 > 관리 > 카드사용 > 결제 일시정지)



* Hi teen 카드의 결제서비스를 일시정지 하더라도 ATM을 통합 입/출금, 캐시비 교통카드는 정상 이용 가능 "
Hi teen(하이틴)|[Hiteen 카드] Hi teen에 입금했는데 교통카드(캐시비) 이용이 안되는데 왜 그런가요?|"Hi teen에 입금된 금액과 교통카드(캐시비)에 충전된 금액은 별도로 관리됩니다.
캐시비 교통카드 충전은 캐시비 앱 및 편의점 등 가까운 교통카드 충전소에서 할 수 있어요."
Hi teen(하이틴)|[Hiteen 카드] Hi teen 카드에 교통카드 기능이 있나요?|"Hi teen 카드에는 선불 캐시비(교통포함) 기능이 탑재되어 있습니다.
교통카드 기능을 이용하기 위해서 캐시비 홈페이지 및 편의점 등을 통하여 캐시비 교통카드를 충전한 후 이용할 수 있어요."
Hi teen(하이틴)|[Hiteen 카드] Hi teen 카드를 간편결제 서비스에 등록하여 사용할 수 있나요?|다양한 간편결제 서비스(ex : 삼성페이, 네이버페이 등)에 Hi teen 카드를 등록하여 사용할 수 있습니다.
Hi teen(하이틴)|[Hiteen 카드] Hi teen 카드를 이용한 금액에 대해 소득공제 신청은 어떻게 하나요?|"케이뱅크 앱을 통해 주민등록번호를 입력하여 Hi teen 카드의 이용금액을 보호자의 소득공제용 자료로 국세청에 제출할 수 있습니다. 단, 연말정산시 보호자가 국세청 연말정산 간소화 서비스에 미성년자 자녀를 등록해야 소득공제 신청이 완료돼요.

* 선불 캐시비 사용금액(교통포함)에 대한 소득공제 신청은 캐시비 홈페이지에서 신청 가능"
Hi teen(하이틴)|[Hiteen 카드] Hi teen 카드 이용내역서를 받을 수 있나요?|"Hi teen 카드의 경우 이용내역서를 별도로 제공하지 않습니다. Hi teen 카드의 이용내역 확인이 필요한 경우에는 케이뱅크 앱을 통해 확인해주세요.
(경로: 케이뱅크 앱 > 하단 '전체' > 내 자산 > 카드 > 해당 카드 선택)"
Hi teen(하이틴)|[Hiteen 카드] Hi teen 카드를 해외에서 이용할 수 있나요?|Hi teen 카드는 국내에서만 이용할 수 있으며 해외결제는 불가능합니다.
Hi teen(하이틴)|[Hiteen 카드] Hi teen 카드의 유효기간이 있나요?|"Hi teen 카드 뒷면에 유효기간(MM/YY)이 표기되어 있습니다.
(단, Hi teen 카드의 경우 재발급 신청을 하더라도 유효기간은 갱신되지 않습니다.)"
Hi teen(하이틴)|[Hiteen 카드] Hi teen에 잔액이 있는데 카드결제가 안되면 어떻게 해야 하나요?|"케이뱅크 앱을 통해 Hi teen 카드 이용등록 여부 및 한도 및 이용정지 등의 상태는 아닌지 확인해주세요.
(경로: 케이뱅크 앱 > 하단 '전체' > 내 자산 > 카드 > 해당 카드 선택)"
Hi teen(하이틴)|[Hiteen 카드] Hi teen 카드는 성인이 되어서도 사용할 수 있나요?|"성인이 되더라도 Hi teen 카드는 계속 이용할 수 있습니다.
(단, 케이뱅크 일반 입출금통장을 만드는 경우에는 Hi teen 카드는 자동으로 해지됩니다.)"
Hi teen(하이틴)|[Hiteen 카드] Hi teen 카드를 해지하려면 어떻게 해야하나요?|"케이뱅크 앱을 통해 Hi teen 카드를 해지할 수 있습니다. 해지 이후에는 결제를 비롯하여 ATM에서 현금 인출도 불가능합니다. (단, 캐시비 교통카드로는 계속해서 이용할 수 있습니다.)

(경로: 케이뱅크 앱 > 하단 '전체' > 내 자산 > 카드 > 해당 카드 선택 > 우측 상단 '관리' > 신청 > 카드해지)"
Hi teen(하이틴)|[Hiteen 카드] Hi teen 카드로 온라인 결제시 '케이뱅크'가 없는 경우 어떻게 해야 하나요?|온라인 결제시에는 '케이뱅크' 또는 'BC카드'를 선택한 후 결제하면 됩니다.
Hi teen(하이틴)|[Hiteen 카드] Hi teen 카드로 음식점에서 결제할 수 있나요?|"국내 모든 온/오프라인 가맹점에서 Hi teen 카드를 이용할 수 있습니다.
단, 청소년 입장이 제한되는 주점, 숙박업소 등의 가맹점에서는 이용이 제한돼요."
Hi teen(하이틴)|[Hiteen 카드] Hi teen 카드를 사용하려는데 잔액이 부족할 경우 어떻게 되나요?|"Hi teen 카드는 Hi teen 잔액 내에서만 결제를 할 수 있습니다.
Hi teen으로 송금을 하거나, ATM에서 Hi teen 카드를 통해 현금을 입금하여 Hi teen 잔액을 채울 수 있어요.
(단, 캐시비 충전금액을 Hi teen 카드 결제에 사용할 수는 없습니다.)"
Hi teen(하이틴)|[Hiteen 카드] Hi teen 카드 결제한도가 어떻게 되나요?|Hi teen 카드의 결제한도는 하루에 50만원, 한달에 200만원이며 결제한도는 변경할 수 없습니다. 단, 캐시비 교통카드 충전 및 이용금액은 Hi teen 카드 결제한도에 포함되지 않아요.
Hi teen(하이틴)|[Hiteen 카드] Hi teen 카드 이용등록은 어떻게 하나요?|"케이뱅크 앱을 통해 Hi teen 카드를 이용등록 할 수 있습니다.
(경로: 케이뱅크 앱 > 하단 '전체' > 내 자산 > 카드 > 해당 카드 선택 > 우측 상단 '관리')"
Hi teen(하이틴)|[Hiteen 카드] Hi teen 카드는 꼭 본인이 직접 수령해야 하나요?|본인이 직접 수령하기 어려운 경우, 가족 및 지인이 대신 수령(제3자수령)할 수 있습니다.
Hi teen(하이틴)|[Hiteen 카드] Hi teen 카드배송은 얼마나 걸리나요?|"카드를 신청한 날로부터 평균적으로 3~5영업일 내외 소요됩니다.

* 배송업체 사정상 조금 더 지연되거나 앞당겨 질 수 있음 "
Hi teen(하이틴)|[Hiteen 카드] Hi teen 카드는 별도의 배송비가 있나요?|Hi teen 카드는 별도의 배송비가 없습니다.
Hi teen(하이틴)|[Hiteen 카드] Hi teen 카드는 연회비나 월 이용료 등이 있나요?|"hi teen 카드는 별도의 연회비 및 월 이용료가 없습니다.
또한 해당 카드를 최초로 신청하는 경우에도 카드 발급 비용이 부과되지 않아요.

* 재발급 시에는 발급수수료(3,000원)가 부과됨 "
Hi teen(하이틴)|[Hiteen 카드] Hi teen 카드 이용시간은 어떻게 되나요?|"24시간 이용 가능합니다.
단, 은행 전산시스템 점검시간에는 일시적으로 Hi teen 카드의 이용이 불가할 수 있어요."
Hi teen(하이틴)|[Hiteen 카드] Hi teen 카드 사고신고(분실/도난)를 한 경우, 캐시비 교통기능도 안되는 건가요?|"캐시비 교통기능은 Hi teen 카드의 사고신고(분실/도난)를 통한 거래정지 여부와 상관없이 계속해서 사용 가능합니다.

* 단, Hi teen 카드를 분실하는 경우, 캐시비에 충전되어 있는 잔액은 환불 불가"
Hi teen(하이틴)|[Hiteen 카드] Hi teen 카드란 무엇인가요?|"Hi teen과 연결하여 이용할 수 있는 선불카드입니다.
(경로: 케이뱅크 앱 > 하단 '전체' > 청소년 > Hi teen 카드)"
Hi teen(하이틴)|[Hiteen 카드] Hi teen 카드신청은 어떻게 하나요?|"케이뱅크 앱을 통해 Hi teen을 먼저 만들고 난 이후 신청할 수 있습니다.
(경로: 케이뱅크 앱 > 하단 '전체' > 청소년 > Hi teen 카드)"
Hi teen(하이틴)|[Hiteen 카드] 소득공제 자료 제출 신청이 뭔가요?|"Hi teen카드는 체크카드나 신용카드와 마찬가지로 사용내역을 국세청에 제출하면, Hi teen 고객을 부양하시는 분(예: 부모님)의 연말정산 시 소득공제 혜택이 제공됩니다.

* 국세청에 자료 제출 시 Hi teen 고객 본인의 주민등록번호가 필요(주민등록증 불필요)
* 최초 한 번만 신청하며, 소득공제를 신청한 날부터 적용됨"
Hi teen(하이틴)|[Hiteen] Hi teen계좌를 지급정지 하고싶은데 어떻게 하나요?|하이틴 계좌에 대한 지급정지 신청/해제는 고객센터(☎1522-1000)를 통해 유선으로 요청할 수 있습니다.예금주 본인확인이 필요하며, 타인(부모님 등)에 의한 요청은 관련 서류 제출이 필요해요.
해외송금|[해외송금] 5,000달러(건당 미국달러기준) 초과 송금 시 반드시 『거래외국환은행 지정』을 해야 하나요?|"네. 건당 5천달러를 초과하여 해외송금 시 케이뱅크를 거래외국환은행으로 지정하셔야 합니다.
만약, 다른 은행으로 거래외국환은행이 지정되어 있는 상태인 경우 케이뱅크로 거래외국환은행을 변경해주셔야 합니다.
(경로: 케이뱅크 앱 > 하단 '전체' 아이콘 > 돈보내기 > 해외송금 > 거래외국환은행 지정하기)"
해외송금|[해외송금] 「지급증빙서류 미제출송금」이 무엇인가요?|"다음의 조건을 모두 만족하는 송금을 의미합니다.

■ 지급증빙서류 미제출송금
- 송금인이 외국환거래법 상 대한민국 국민인 거주자(영주권자 제외)인 경우
- 송금하는 금액/사유를 입증하는 서류를 제출하지 않아도 되는 경우
- 건당 미국달러기준 5천달러 초과 연간 10만달러 이내의 거래
ㆍ이전거래 (대가성이 없는 단순한 자금의 이동, 예 : 생활비 지원)
ㆍ외국환거래규정 제 7장에 의한 신고예외 자본거래

* 송금불가항목 : 해외직접투자(해외지사 포함), 해외부동산 취득, FX마진취득 목적의 거래(외국환거래규정 제 4-3조, 제 7-2조 의거)"
해외송금|[해외송금] 해외로부터 송금을 받을 수 있나요?|아니오. 현재는 해외로부터 송금을 받을 수 없습니다.
해외송금|[해외송금] 비회원도 해외송금 거래가 가능한가요?|"아니오. 계좌개설을 완료한 고객에 한해서 해외송금서비스 이용이 가능합니다.
(경로: 케이뱅크 앱 > 하단 '전체' > 돈보내기 > 해외송금)"
해외송금|[해외송금] 해외송금 이용시 거주 정보를 어떻게 선택해야 하나요?|"구분:
거주자

확인시점 해당사항:
①국내에 주소 보유
②대한민국 재외공관에 근무
③비거주자였으나 입국하여 국내에 3개월 이상 체재

"
해외송금|[해외송금] 해외 법인이나, 학교로 송금이 가능한가요?|"네. 해외계좌송금 방식으로 송금할 수 있습니다. (머니그램 송금으로는 불가)
단, 해당 거래는 지인간의 단순한 거래가 아닌 해외법인(교육기관 등) 앞 송금으로 수취 및 수취인 확인이 중요한 거래이므로, 수취기관으로 송금확인증을 송부하여 해당 거래사실을 별도로 확인 받으실 것을 권장드립니다.

* 단, 거래의 참고용으로만 사용 가능"
해외송금|[해외송금] 해외송금 신청 후 변경 또는 취소가 되나요?|"해외계좌송금 방식의 경우에는 송금신청 이후 해당 거래의 변경 또는 취소가 불가합니다. 다만, 머니그램 송금방식의 경우에는 송금신청 이후에도 취소를 할 수 있으나 송금취소신청을 할 경우, 반환 시점의 적용환율에 따라 환차손/익이 발생할 수도 있습니다.

* 특정 거래의 경우 송금수수료가 반환되지 않을 수도 있으며, 송금취소 시에는 해당 자금의 입금까지 일정 기간이 소요될 수 있음"
해외송금|[해외송금] 케이뱅크도 SWIFT 코드가 있나요?|"케이뱅크는 해외송금(국내에서 해외로)만 할 수 있습니다.
국제적으로 금융기관을 구분/확인하는 코드인 SWIFT는 별도 존재하지 않아요."
해외송금|[해외송금] 케이뱅크를 통해 외화 환전도 할 수 있나요?|"현재 환전서비스는 제공 중이지 않으며, 해외송금 서비스만 이용할 수 있습니다.
(경로: 케이뱅크 앱 > 하단 '전체' > 돈보내기 > 해외송금)"
해외송금|[해외송금] 연간 최대로 보낼 수 있는 해외송금 금액은 얼마인가요?|"해외송금의 송금한도는 송금방식에 따라 달라집니다.

■ 해외계좌송금 방식
- 건당 5천 달러 이내 : 연간 합산 10만 달러(USD)
- 건당 5천 달러 초과 : 연간 합산 10만 달러(USD)

■ 머니그램 방식
- 일별 합산 1만 달러(USD)
- 연간 합산 9만6천 달러(USD)

* 연간 송금한도 합산 기간 기준: 매년 1.1 ~ 12.31
* 건당 5천 달러 초과 송금 시 거래외국환은행 지정 필수
* 머니그램 방식은 송금국가 및 송금수단별 관련 규정에 의해 송금한도가 달라질 수 있음"
해외송금|[알림서비스] 해외송금 환율알람서비스의 기능은 무엇인가요?|원하는 화폐의 환율을 설정하고, 해당 설정 환율에 도달할 경우 푸쉬알람이 오는 서비스로 실시간으로 변하는 환율정보를 무료로 받아볼 수 있습니다. 3개의 화폐에 대해 각 화폐별 최대 3개까지 설정할 수 있습니다.
해외송금|[해외송금] 정보입력 도움받기 기능은 무엇인가요?|해외계좌송금시, 비교적 입력하기 어려울 수 있는 해외계좌정보를 송금인이 전달한 URL을 통해 쉽게 입력 받을 수 있는 기능입니다. 수취인이 정보입력을 완료하면 푸시알림이 오며, 해당 정보를 클릭하면 해외송금에 필요한 수취인의 정보가 자동으로 입력되기 때문에 송금인은 송금금액만 입력하면 쉽고 편하게 송금할 수 있습니다.
해외송금|[해외송금] 해외송금 시 모든 국가에 환율우대 50%가 적용되나요?|"해외계좌송금 방식의 18개 국가에 대해서는 50%의 환율우대가 제공됩니다.
머니그램 송금 방식의 67개 국가에 대해서는 환율우대가 제공되지 않습니다.

* 같은 국가라 하더라도 송금방식에 따라 환율우대가 달라질 수 있음"
해외송금|[해외송금] 해외송금 신청 후 수취인의 정보변경이 가능한가요?|해외계좌송금 방식의 경우에는 송금신청 이후 수취인의 정보 변경이 불가능합니다. 다만, 머니그램 송금방식의 경우에는 송금신청 이후에도 수취인의 성/이름 변경이 가능합니다. 단, 수취인의 여권상 이름과 다를 경우 해당 자금을 수취할 수 없으니 성/이름을 정확히 확인하시기 바랍니다. 그리고 수취인이 외국인인 경우에는 중간이름과 두번째성이 있을 수 있으니 유의하시기 바랍니다.
해외송금|[해외송금] 해외계좌송금과 머니그램 계좌송금은 무엇이 다른가요?|"수취인의 해외계좌로 입금되는 것은 동일합니다. 다만, 자금이 송금되는 과정에서 이용되는 송금망 네트워크가 다름에 따라 적용되는 환율 및 수수료가 일부 차이날 수 있습니다.
(경로: 케이뱅크 앱 > 하단 '전체' > 돈보내기 > 해외송금)"
해외송금|[해외송금] 머니그램 송금방식 중 캐시픽업서비스가 무엇인가요?|"수취인이 현지 해외계좌가 없더라도, 머니그램과 제휴된 장소에서 현금으로 바로 수취해갈 수 있는 방식입니다. 거의 실시간으로 송금이 완료되기 때문에 현지에서 급하게 현금이 필요할 때 유용하게 사용할 수 있습니다.
(경로: 케이뱅크 앱 > 하단 '전체' 아이콘 > 돈보내기 > 해외송금)"
해외송금|[해외송금] 머니그램 송금이 무엇인가요?|"머니그램 네트워크를 통해 제공되는 서비스입니다. 수취인이 현지 해외계좌가 없더라도 머니그램 제휴처를 통해 현금을 바로 수령할 수 있는 캐시픽업 서비스와, 현지에서 머니그램과 제휴되어 있는 APP 또는 해외계좌로도 송금할 수 있습니다.
(경로: 케이뱅크 앱 > 하단 '전체' > 돈보내기 > 해외송금)"
보험|[상품가입] 보험 가입 취소가 가능한가요?|취소 가능합니다. 단, 보험가입한 날로부터 30일 이내 청약철회를 하셔야 취소됩니다.
보험|[보험상품] 타인 계좌로도 보험금 수령이 되나요?|불가합니다. 보험수익자 (보험사고 발생 시 보험금 수령하는 자)와 보험사로부터 보험금을 지급 받을 계좌의 예금주가 동일해야 합니다.
보험|[이체한도] 보험가입금액도 이체한도에서 차감되나요?|보험 가입 당시 납입한 금액 (초회보험료)만큼 이체한도에서 차감이 되지 않습니다.
보험|[자동이체] 보험료 자동이체 계좌를 타행으로 변경해도 되나요?|"가능합니다.
변경방법은 해당 보험사로 직접 연락하거나 계좌이동서비스를 통해 처리 가능합니다."
보험|[자동이체] 잔액 부족으로 보험료가 납부 안 된 경우 어떻게 하나요?|보험사를 통해 자동이체 재신청 의뢰가 필요합니다. 만일, 납입독촉기간 내에 납부가 안 될 경우, 계약해지 및 보장을 받을 수 없으니 유의 부탁드립니다.
보험|[상품가입] 케이뱅크 계좌가 없는 미성년자 자녀도 여행자보험 가입이 되나요?|가능합니다. 단, 배우자 (성인)은 본인이 직접 가입하셔야 합니다.
보험|[보험상품] 연금저축보험과 연금보험의 차이가 무엇인가요?|"혜택:
연말정산
세액공제

연금저축
보험:
가능
(연간400만원 한도, 최대 66만원)

연금보험:
불가

"
보험|[보험상품] 화재보험에 가입되어 있는데 이사를 했어요. 주소 변경은 어디서 하나요?|해당 보험사로 직접 연락하여 변경할 수 있습니다.
케이뱅크 페이|[현대차x케이뱅크페이] 차량 옵션, 모델 변경 가능한가요?|잔금 결제 전까지만 가능하며, 전시장 또는 담당 카마스터에게 연락바랍니다.
케이뱅크 페이|[현대차x케이뱅크페이] 잔금결제에는 탁송료가 포함되어 있나요?|네, 잔금결제에는 탁송료가 포함됩니다.
케이뱅크 페이|[현대차x케이뱅크페이] 계약금을 이미 내고 회원가입을 완료했는데, 잔금을 내기 전 휴대폰 번호를 변경했습니다.|"당행의 '내정보 → 기본정보 → 휴대전화번호'에서 확인되는 휴대전화번호와 현대차 계약시 등록한 휴대전화번호가 동일해야 결제가 가능합니다.
카마스터에게 당행에 등록된 정보에 맞는 휴대전화번호로 변경을 요청하시면 됩니다."
케이뱅크 페이|[현대차x케이뱅크페이] 실수로 url을 삭제한 경우, 재발송이 가능한가요?|"전시장이나 담당 카마스터에게 재요청 하시면 가능합니다.
케이뱅크 페이 메인화면에서 결제화면으로 진입이 가능합니다."
케이뱅크 페이|[현대차x케이뱅크페이] 차량가격(계약금+잔금)외 부가항목(등록대행 및 관련 세금납부)은 어떻게 결제하나요?|현대자동차 전시장 또는 담당 카마스터를 통해 기존 결제방식 (가상계좌 입금방식)으로 처리바랍니다.
케이뱅크 페이|[현대차x케이뱅크페이] 마이너스 통장으로 결제가 되나요?|고객님의 계좌에 기존 케이뱅크 마이너스통장이 연결되어 있다면 결제 가능합니다. 단, 차량결제에 필요한 충분한 결제여력이(금액/한도) 필요합니다.
케이뱅크 페이|[현대차x케이뱅크페이] 법인명의차량도 결제가 가능한가요?|"케이뱅크페이는 개인뱅킹의 서비스로, 법인명의 결제는 불가능합니다.
개인 및 개인사업자는 차량 결제가 가능합니다."
케이뱅크 페이|[현대차x케이뱅크페이] 계약금, 잔금 취소는 어떻게 하나요?|"담당 카마스터에게 연락하여 취소요청 하시면 됩니다.
단, 현대차 제작증 발급 전까지 담당 카마스터에게 연락하여 취소 가능하지만, 이후에는 불가합니다.
현대차 제작증 발급 후에는 담당 카마스터에게 연락하여 별도 환불 처리 부탁드립니다."
케이뱅크 페이|[현대차x케이뱅크페이] 현대차 매매 계약자와 케이뱅크 결제자가 다르면 어떻게 되나요?|"결제 가능한 계약이 존재하지 않으므로 전시장 혹은 담당 카마스터에게 문의 바랍니다.
(본인명의의 유효한 계약건만 결제 가능하며, 휴대폰을 변경하신 경우 담당 카마스터에게 변경된 번호를 알려주신 후, 다시 결제 바랍니다."
케이뱅크 페이|[현대차] 케이뱅크 페이 결제 시, 결제 한도는 사전에 한도증액 해야 하나요?|현대차 결제에 대해서만 1억원까지 특별처리로 결제 한도 증액 요청 없이도 가능합니다.
케이뱅크 페이|[현대차x케이뱅크페이] 차량가격은 최소 금액부터 최대 금액 얼마까지 가능한가요?|차량 최소금액은 아반떼 차량 1,400만원부터 최대금액 1억까지만 가능합니다. 1억원 초과되는 차량은 결제 및 계약이 불가합니다.
케이뱅크 페이|[현대차x케이뱅크페이] 캐시백 혜택은 언제 완료 되나요?|계약금, 잔금 결제 이후 현대차에서 제작증 발급해주는 다음날부터 5영업일 이내에 케이뱅크 본인계좌로 입금됩니다.
케이뱅크 페이|[현대차x케이뱅크페이] 케이뱅크페이를 통해 결제 시 계약금은 신용카드로 하고 잔금만 케이뱅크페이로 결제해도 혜택 지원되나요?|모든 결제가 케이뱅크페이로 결제 되어야만 지원됩니다. 신용카드 결제를 통한 복합결제는 지원되지 않습니다.
케이뱅크 페이|[현대차x케이뱅크페이] 현대차 X 케이뱅크페이 혜택은 케이뱅크 신규 가입자만 해당 되나요?|케이뱅크 신규회원 및 기존 회원 모두 해당됩니다.
케이뱅크 페이|[현대차x케이뱅크페이] 현대차를 케이뱅크페이로 구매시 혜택은 무엇인가요?|차량가(계약금+잔금)에 대한 1.5% 현금 캐시백을 드립니다.
케이뱅크 페이|[현대차x케이뱅크페이] 케이뱅크페이 이용 시 영업소에 가지 않고 자동차를 온라인으로 살 수 있나요?|아닙니다. 가까운 영업소에 가셔서 차량계약을 체결 하신 후, 케이뱅크페이로 결제를 하셔야 합니다.
케이뱅크 페이|[현대차x케이뱅크페이] 현대차 X 케이뱅크페이는 무엇인가요?|현대자동차와 제휴를 통해 전국 전시장(대리점)에서 케이뱅크페이로 현대차를 결제를 할 수 있도록 만든 서비스입니다.
케이뱅크 페이|[케이뱅크페이] 케이뱅크 페이 취소 및 환불 방법이 궁금해요|"■ 취소/환불 방법
- 타 결제수단 취소방법과 동일하게 가맹점에 요청
- 가맹점에서 취소 확정 시 즉시 환불 처리"
케이뱅크 페이|[케이뱅크페이] 기존 계좌이체와 케이뱅크 페이의 다른 점이 궁금해요.|"■ 기존 계좌이체
- 인증서 없이 간단한 인증방법 (비밀번호, 지문인식 등)으로 결제 가능

■ 케이뱅크 페이 (간편결제 서비스)
- 대부분 간편결제는 월렛 형태 서비스 제공
- 케이뱅크 계좌 잔액 범위 내에서 간편 결제가능

(경로: 케이뱅크 앱 > 하단 '전체' > 편의 > 케이뱅크 페이)"
케이뱅크 페이|[케이뱅크페이] 케이뱅크 페이 이용처 및 결제방법은 어떻게 되나요?|"케이뱅크 페이란 케이뱅크 계좌기반(ONLY)의 간편한 결제서비스입니다.
(경로: 케이뱅크 앱 > 하단 '전체' > 편의 > 케이뱅크 페이)

■ 이용처
- 온라인 : KG이니시스 산하의 서브가맹점
- 오프라인 : 제로페이 가맹점

■ 결제방법
- 온라인
ㆍ계좌이체 → 간편계좌이체 → 케이뱅크 페이
- 오프라인"
앱서비스|[개인정보] 간편비밀번호 꼭 필요한가요?|간편한 로그인 및 이체, 연락처로 돈보내기 등 편리한 서비스를 제공하기 위해 필수로 입력을 받고 있습니다.
앱서비스|[개인정보] 계좌 비밀번호 변경 어떻게 하나요?|"기존 비밀번호를 알고 있는 경우 케이뱅크 앱에서 '계좌비밀번호 변경'에서 변경할 수 있습니다. 만약 비밀번호 분실 및 5회 입력 오류인 경우, 비밀번호를 재등록 후 이용 부탁드려요.
(경로: 케이뱅크 앱 > 하단 '전체' > 내 자산 > 예금 > 해당 계좌 선택 > 우측 상단 '관리' > 계좌비밀번호 변경)"
앱서비스|[개인정보] 로그인 ID(이메일)가 기억이 안나면 어떻게 해야 하나요?|"케이뱅크 앱 로그인 가능여부에 따라 확인 방법이 다릅니다.

■ 앱 로그인이 가능한 경우
- 바이오/인증서/간편비밀번호로 로그인 가능 시, '내 정보' 메뉴를 통해 확인
  (경로: 케이뱅크 앱 > 하단 '전체' > 좌측 상단 고객명('OOO님') 클릭 > 이메일(ID) 확인)

      ■ 앱 로그인이 불가능한 경우
- '아이디 찾기' 메뉴를 통해 확인
  (경로: 케이뱅크 앱 > 로그인 화면 > 다른 인증으로 로그인 > 인증방법 '아이디/비밀번호' 선택 > 아이디 찾기') 
        "
앱서비스|[알림서비스] 대출관련 SMS가 안와요|"다음 경로를 통해 스팸처리 유무를 확인 부탁드립니다.

■ 확인 순서
1) 휴대폰 내 자체 부가서비스 앱 설치 유무
- '후스콜'앱이 설치된 경우, 스팸등록 해제 

2) 해당 통신사 문의"
앱서비스|[보안서비스] 해외에서 케이뱅크를 이용하려고 하는데 출국 전 조치사항이 있나요?|"해외IP 차단 서비스가 신청되어 있을 경우, 해외에서 이용이 어려울 수 있으니 미리 확인 후 해제하셔야 합니다.

>> 해외IP차단서비스 바로가기"
앱서비스|[공통] 휴대폰번호 또는 기기 변경 시에는 어떻게 해야 하나요?|"기기 변경 시 앱 설치 후 휴대폰인증 등을 통해 재등록이 필요합니다.

* 1개의 아이디 당, 1개의 스마트폰만 등록 가능"
앱서비스|[알림서비스] 무료 알림의 종류가 궁금해요.|"푸시알림 설정 시 무료 이용 가능합니다.
(경로: 케이뱅크 앱 > 입출금통장 선택 > 우측 상단 '관리' > 서비스 > 입출금통지 서비스)

■ 푸시알림 서비스 종류
- 입출금 알림
- 예적금 만기일 알림
- 자동이체 종료일 알림
- 카드 거래내역 알림
- 자동납부 계좌출금 사전 알림
- 중요사항 변동 알림
- 금융혜택 알림
- 간편결제 알림"
앱서비스|[동행복권] 동행복권 예치금을 가상계좌로 어떻게 입금하나요?|"동행복권용 케이뱅크 가상계좌는 휴대전화 인증 후 해당 전화번호로 이용할 수 있습니다.
충전하기로 선택한 금액(예치금)을 가상계좌에 정확하게 입금해야 이용할 수 있어요.

■ 가상계좌 이용방법
1. 동행복권 로그인 '010가상계좌' 선택
2. 휴대전화 인증 및 약관동의
3. '010가상계좌' 확인

■ 입금안내
- 이체한도 차감
- 1회 5천원/1만원/2만원/3만원/5만원/10만원 단위
- 예치금은 2분이내 확인가능

■ 횐불요청
- 동행복권 로그인 '내 예치금 출금'

* 1회성이 아닌 고정 가상계좌
* 선택한 금액과 다른 금액을 입금하는 경우 입금불가

>> 동행복권 홈페이지 바로가기"
앱서비스|[증권연계] 케이뱅크를 통해서 증권계좌를 개설할 수 있나요?|"케이뱅크 앱을 통해 개설할 수 있는 증권연계계좌는 다음과 같습니다.

■ 개설 경로
- 케이뱅크 앱 > 하단 '전체' > 계좌 > 주식계좌 개설

■ 상품 종류
- NH투자증권 종합매매계좌
- 미래에셋증권 주식계좌
- 삼성증권 종합매매계좌"
앱서비스|[개인정보] 마케팅 전화(문자) 수신 동의/거부는 어떻게 변경하나요?|"마케팅 수신 동의 및 해지는 케이뱅크 앱을 통해 할 수 있습니다.
(경로: 케이뱅크 앱 > 하단 '전체' > 고객명 선택 > 하단 '수신동의 바로가기')"
앱서비스|[개인정보] 개명이나 주민등록번호를 변경한 경우, 어떻게 해야 하나요?|"이름 또는 주민등록번호 변경 신청은 케이뱅크 앱에서 서류제출을 통해 신청할 수 있습니다. 변경 신청 후 처리 기간은 평일 기준 2일 정도 소요돼요.

■ 필수 제출서류
- 변경된 이름(개명) 또는 주민등록번호가 반영된 신분증(임시 신분증 가능)
- 주민등록초본 또는 기본증명서
ㆍ이름 및 주민등록번호 변경사실 표기
ㆍ90일 이내 발급분
(경로: 케이뱅크 앱 > 하단 '전체' > 고객센터 > 이름·주민등록번호 변경)


* 타인명의 휴대폰 사용 시 공동인증서 인증만 가능
* 로그인 불가 시 고객센터를 통해 URL 요청
* 카드 영문명 변경은 재발급 또는 교체발급 필요"
앱서비스|[개인정보] 케이뱅크 혜택/광고 관련 문자(SMS)를 받지 않고 싶어요|"개인(신용)정보 제3자 제공 동의 및 광고성 정보 수신에 동의한 고객에 한하여, 혜택/광고 관련 문자(SMS)를 발송하고 있습니다. 관련 문자(SMS) 수신을 원하지 않을 경우, 케이뱅크 앱에서 철회할 수 있습니다.
(경로: 케이뱅크 앱 > 하단 '전체' > 고객센터 > 금융소비자 보호 > 고객정보 보호 정책 > 개인(신용)정보 제3자 제공)"
앱서비스|[개인정보] 로그인 ID(이메일)를 변경할 수 있나요?|"로그인 ID(이메일) 변경은 케이뱅크 앱을 통해 할 수 있습니다.
(경로: 케이뱅크 앱 > 하단 '전체' > 좌측 상단 고객명('OOO님') 클릭 > '수정' > 신규 이메일(ID) 입력)"
인증 · OTP|[OTP] 종류, 이체한도, 신청과 등록은 어떻게 하나요?|
인증 · OTP|[OTP] 휴대폰OTP의 정의/이용방법이 궁금해요|"휴대폰 OTP란, 일반 OTP 및 보안카드를 대신하여 휴대폰에서 간편하게 일회용 OTP번호를 생성해주는 보안서비스입니다.

■ 이용방법
- 케이뱅크 앱
ㆍ설정한 비밀번호 6자리 입력 → 인증완료
- 케이뱅크홈페이지
ㆍ'휴대폰 OTP 번호요청' 클릭
ㆍ휴대폰으로 푸시 발송
ㆍ휴대폰에 푸시된 케이뱅크 앱 실행 (로그인 X)

■ PUSH 알림이 오지 않는 경우
- 휴대폰 「설정」 → 케이뱅크 알림 활성화 필요
- 알림 활성이 된 경우, 시간 설정(에티켓시간) 확인 필요"
인증 · OTP|[인증서] 케이뱅크에서 이용 가능한 인증서는 무엇인가요?|"■ 이용 가능한 인증서(공동인증서/금융인증서)
- 개인용 인증서 (은행/신용카드/보험용)
- 범용 인증서 (개인용)

■ 등록방법
- PC 또는 휴대폰에 인증서가 저장된 경우 : 케이뱅크 앱을 통해 등록
(경로: 케이뱅크 앱 > 하단 '전체' > 인증/보안 > 인증수단 > 인증서)


* 금융인증서는 로그인 시에만 사용 가능"
인증 · OTP|[인증서] 케이뱅크에서 공동인증서 발급/재발급은 어떻게 하나요?|"케이뱅크 앱을 통해 발급/재발급 받을 수 있습니다.
(경로: 케이뱅크 앱 > 하단 '전체' > 인증/보안 > 인증수단 > 인증서)


* 타행/타기관에서 발급한 공동인증서를 보유 시, 발급 받은 타행/타기관에서 인증서 재발급 필요"
인증 · OTP|[바이오인증] 바이오정보가 등록이 안됐다고 하는데 어떻게 해야 하나요?|"휴대폰에 바이오정보를 등록 하신 후, 앱에 바이오인증 등록을 하셔야 합니다.

■ 등록 순서
1) 휴대폰 바이오정보 등록
- 휴대폰 내 「설정」 → 바이오정보 등록

2) 케이뱅크 앱 바이오인증 등록
- 인증센터 내 바이오인증 선택
(경로: 케이뱅크 앱 > 하단 '전체' > 인증/보안 > 인증수단 > 바이오)"
인증 · OTP|[바이오인증] 제 휴대폰이 바이오등록이 되는 휴대폰인가요?|"지문인증이 가능한 대부분의 휴대폰에서 이용 가능하며, Face ID 이용 가능한 아이폰에서는 얼굴인증 이용도 가능합니다.

* 표준에 맞춰 개발되지 않은 지문인식 모듈은 지원 불가능한 경우 존재"
인증 · OTP|[타행계좌인증] 타행계좌 인증방법이 무엇인가요?|
인증 · OTP|[인증서] 공동인증서 이용 중 오류코드가 발생했습니다.|"공동인증서 관련 오류코드 발생 시 코드별 조치사항을 참고해주세요.

■ 오류코드
- WCMMCRT0005: 공동인증서 발급 필요
- WCMMCRT0101: 기존 공동인증서 상태 확인하여 공동인증서 발급 필요
- WCMMCMC1021: 보유 중인 입출금통장의 거래중지계좌 해제 후 인증서 발급 필요
- WCMMCRT0032: 주민등록번호 혹은 이름이 변경된 경우, 공동인증서를 새로 발급 필요 
- WCMMCRT0009: 케이뱅크에 등록한 인증서로 재로그인 시도 필요
- WCMMCRT0002: 케이뱅크 공동인증서 신규 발급 또는 타행/타기관인증서 등록 필요"
인증 · OTP|[추가인증] 전화인증(2채널 ARS) 진행 중인데 오류가 발생합니다|"전화인증(2채널 ARS) 시 오류가 발생하는 경우 아래 내용을 확인 바랍니다.

■ 확인사항
- 화면 하단 승인요청 버튼 터치
- 고객센터 번호(1522-1000) 스팸등록 여부 확인
- 통신사 스팸차단서비스 등록 여부 확인
- 휴대폰 번호 변경시 케이뱅크 정보 현행화"
인증 · OTP|[추가인증] 전화인증(2채널 ARS)은 어떻게 진행되나요?|"전화인증(2채널 ARS) 진행 순서는 다음과 같습니다.

■ 진행 순서
1. 화면 하단 승인요청 버튼 터치
2. 인증번호 2자리가 표시된 후 전화 수신
3. 안내멘트에 따라 인증번호 2자리 입력
4. 인증완료 버튼 터치

* 전화인증 중 중단된 경우, 승인요청 버튼 다시 터치
* 휴대폰 번호가 변경된 경우, 고객정보에서 변경 후 재진행"
인증 · OTP|[인증서] 안드로이드 공인인증서가 갑자기 안보여요.|"구글의 안드로이드OS 보안정책 변경으로, 기존에 사용하시던 공동인증서가 보이지 않을 수 있습니다.

■ PC에서 휴대폰으로 복사 
- PC에 저장된 공동인증서를 케이뱅크 앱으로 복사하면 자동으로 앱 내부에 저장됩니다.
(경로 : 케이뱅크 홈페이지 > 고객센터 > 인증서 복사 > 인증서 내보내기)

■ 앱에서 인증서 재발급
- 공동인증서를 재발급 받으면 자동으로 앱 내부에 저장됩니다. 단, 재발급받은 인증서를 타기관에 등록해야 하므로 가급적 인증서를 PC에서 복사해서 이용해주세요.
(경로: 케이뱅크 앱 > 하단 '전체' > 인증/보안 > 인증수단 > 인증서)"
인증 · OTP|[추가인증] 전화인증(2채널 ARS) 시 0505(평생번호)로 시작하는 전화번호도 이용할 수 있나요?|'0505(평생번호)'의 경우에는 유/무선 식별이 어려워 전화인증(2채널 ARS) 시 사용할 수 없습니다.
이체|[공통] 장기미사용 이체제한이 무엇이며, 해제방법이 어떻게 되나요?|"장기미사용 이체제한이란 케이뱅크 앱을 통해 1년 동안 이체 기록이 없는 경우, 고객님의 계좌가 범죄에 사용되는 것을 방지하기 위해 일부 서비스 이용에 제한을 두는 계좌를 뜻합니다.

■ 이체제한 되지 않으려면?
- 예정일 전에 케이뱅크 앱 또는 홈페이지에서 1회 이상 이체 진행

■ 이미 이체제한 상태라면?
(경로: 케이뱅크 앱 > 하단 '전체' > 고객센터 > 장기미사용 제한 해제)


* 카드결제, 예적금 납입, 보험금 납입 등은 이체가 아니므로, 해당 거래 이력이 있더라도 이체를 하지 않은 경우 이체제한 대상에 포함"
이체|[이체한도] 1억 이상 이체하려면 어떻게 해요?|
이체|[한도제한] 입출금통장 한도제한을 풀려면 어떻게 해야하나요?|"모든 은행은 고객님의 안전한 금융거래를 위해 새로 개설된 계좌에 한하여 1일 이체/출금 한도를 제한합니다.
고객님의 편안한 금융거래를 위한 '통장 한도 풀기'를 안내드립니다.

■ 서류제출 없는 공공 마이데이터 이용하기
- 고객센터 > 통장한도 풀기 > 공공마이데이터 동의 > 인증

■ 사진으로 증빙서류 제출하기  
- 건강보험자격득실확인서
- 사업자등록증명원
- 관리비 고지서 등

■ 공동인증서로 인증하기
- 공동인증서 등록 > 직장인 간편인증
(경로: 케이뱅크 앱 > 하단 '전체' > 고객센터 > 신고 및 해제 > 통장한도 풀기)



* 공공 마이데이터 동의 또는 직장인 간편인증을 통해 즉시 한도제한 해제 가능
* 증빙서류를 제출한 경우 심사를 위해 평일 기준 최대 3일 소요될 수 있음"
이체|[오픈뱅킹(다른금융)] 출금한도는 어떻게 되나요?|"오픈뱅킹 운영기관(금융결제원) 정책에 따라 출금한도는 전 은행 통합 1,000만원/일 입니다.
(경로: 케이뱅크 앱 > 하단 '전체' > 내 자산 > 다른금융)"
이체|[오픈뱅킹(다른금융)] 보내기 이체한도는 어떻게 되나요?|"고객님이 설정하신 1회/1일 이체한도로 적용되며, 일반이체/보내기 이체한도는 통합 관리됩니다.
(경로: 케이뱅크 앱 > 하단 '전체' > 내 자산 > 다른금융)"
이체|[오픈뱅킹(다른금융)] 계좌 등록이 안됩니다.|"거래제한계좌, 장기미사용 등의 사유로 타행 정책에 따라 계좌 등록이 거절될 수 있습니다. 해당 은행에 문의 부탁드립니다.
(경로: 케이뱅크 앱 > 하단 '전체' > 내 자산 > 다른금융)"
이체|[오픈뱅킹(다른금융)] 보안서비스 가입 중인데, 보내기를 이용할 수 없습니다.|보안서비스 (지연이체/안심이체/중요거래추가인증) 가입 시, 오픈뱅킹을 통한 조회만 이용 가능합니다. 보안서비스를 해지하시면 보내기를 정상적으로 이용하실 수 있습니다.
이체|[오픈뱅킹(다른금융)] 출금은 성공했는데 보내기가 실패된 경우, 출금된 돈은 어디로 가나요?|"보내기를 통해 타행계좌에서 출금은 성공하였으나 입금에 실패한 경우, 고객님이 설정하신 케이뱅크 대표계좌로 입금됩니다.
(경로: 케이뱅크 앱 > 하단 '전체' > 내 자산 > 다른금융)"
이체|[이체관리] 이체할 때 '계좌번호 붙여넣기'는 어떻게 사용하나요?|"계좌번호를 복사한 경우에만 붙여넣기를 이용 할 수 있습니다. (금액복사 지원 안 함)

■ '은행명 + 계좌번호'가 같이 복사된 경우
- 이체금액 입력 후, 받는 사람 입력 단계에서 복사하신 정보가 자동으로 보여짐

■ '계좌번호'만 복사된 경우
- 은행 선택 후 계좌번호 입력란을 손으로 꾹 누르시면 자동으로 입력"
이체|[이체관리] 앱에서 이체 시 수수료는 면제인가요?|"당/타행 이체 시 모든 수수료가 면제되고 있습니다.

* 수수료 변경 시, 시행 1개월 전에 앱 또는 홈페이지를 통해 안내"
이체|[자동이체] 등록/변경/해지방법이 어떻게 되나요?|"케이뱅크 앱을 통해 자동이체 등록/변경/해지 업무를 처리할 수 있습니다.
자동이체는 별도의 수수료 없이 이용할 수 있어요.
(경로: 케이뱅크 앱 > 하단 '전체' > 계좌 > 자동이체 등록하기 )


* 변경/해지: 자동이체 등록된 내역 선택 후, 하단 변경/해지 선택"
이체|[자동이체] 자동이체일에 잔액이 부족하면 매일 출금 시도하나요?|입출금통장 혹은 적금 자동이체는 이체 당일 18:00 까지 출금시도하며, 이후부터는 처리되지 않습니다. 18:00 이후 이체를 원하는 경우 해당 계좌로 직접 이체해주세요.
이체|[이체관리] '연락처로 돈보내기'을 하려는데 안 되네요?|"■ '연락처로 돈보내기' 연결계좌가 해지 되지 않는 경우
- '연락처로 돈보내기'는 거래발생일의 다음날 자정까지 유효한 거래로써 자정 이후 재시도

■ '해당계좌는 이미 종료되었거나 유효하지 않는 가상계좌번호입니다.'라는 메세지를 수신한 경우
- 받는 시간 초과로 발생하는 메세지이므로 송금 재요청 필요

(경로: 케이뱅크 앱 > 하단 '전체' > 송금 > 연락처로 돈보내기 > 최근이력)"
이체|[공통] 제 통장이 거래중지 계좌로 등록되었는데 어떻게 풀 수 있나요?|"케이뱅크 입출금계좌를 통한 거래가 없는 경우 금융사고예방을 위해 거래중지계좌로 변경됩니다.
거래 중지를 원하지 않으실 경우, 문자에 안내된 거래중지 예정일 전 1회 이상 입금 또는 출금(이체) 거래를 해주세요.

■ 거래중지 안내
- 대상: 1년간 거래 미사용
- 거래중지일: 문자 수신일로부터 1개월 후
 
■ 거래중지계좌 해제 방법(택 1)
- 공공 마이데이터 인증
- 공동인증서 인증
- 거래중지계좌 해제 서류제출
(경로: 케이뱅크 앱 > 하단 '전체' > 고객센터 > 거래중지 풀기)




* 인증이 어렵거나 해당 계좌 사용을 원하지 않는 경우 계좌해지 후 신규계좌 신청"
이체|[이체한도] 업비트 계좌로 입금할 수 있는 한도는 얼마인가요?|"안전한 가상자산 금융거래를 위해 케이뱅크 업비트 연결계좌 보유 고객님의 입금한도는 다음과 같습니다.
(경로: 케이뱅크 앱 > 하단 '전체' > 고객센터 > 통장한도 풀기)

■ 업비트 입금한도
- 한도제한계좌, 개인정보노출자, 미성년자 고객인 경우
ㆍ1일 최대 1천만원
- 한도제한계좌 해제 고객
ㆍ1회 최대 1억원, 1일 최대 5억원



* 업비트 계정으로 입출금 방법, 계좌등록(카카오인증) 등 업비트에 대한 자세한 내용은 업비트(두나무) 고객센터(1588-5682)를 통해 확인"
이체|[오픈뱅킹(다른금융)] 가져오기 한도는 어떻게 되나요?|"가져오기 한도는 1일 1천만원(통합한도)이며, 1천만원 사용 시 다음 날 재이용할 수 있습니다.


* 각 기관을 통한 직접이체는 한도에 미포함
* 한도계좌일 경우 1일 1백만원으로 제한
* 가져오기 실패 시, 상대계좌 상태 확인 필요"
ATM · CD|[ATM이용] 타행 ATM기기나 편의점기기 이용 시 수수료가 면제인가요?|"평일, 공휴일 관계없이 모든 은행의 자동화기기와 GS25 편의점 내에 설치되어 있는 ATM기기에서 입/출금 및 이체 수수료는 면제입니다.

* 단, 일부 지역농협, 새마을금고 기기에서는 입금이 불가하거나, 수수료가 발생할 수 있음
* CD기인 경우: 이체/출금 거래만 가능"
ATM · CD|[ATM이용] 무카드 출금서비스가 무엇인가요?|"카드없이 GS25 자동화기기/당행 ATM기기에서 출금 및 이체할 수 있는 서비스입니다.
(경로: 케이뱅크 앱 > 하단 '전체' 아이콘 > '이런 메뉴도 이용해보세요' > 무카드 거래)"
ATM · CD|[ATM이용] ATM에서 현금 인출 시 비밀번호가 뭔지 모르겠어요.|"계좌 비밀번호를 입력하면 됩니다. (* 체크카드 비밀번호 아님)
계좌 비밀번호 분실 및 5회 이상 잘못 입력한 경우는 재등록이 필요합니다.
(경로: 케이뱅크 앱 > 하단 '전체' > 내 자산 > 예금 > 계좌선택 > 우측 상단 '관리' > 계좌비밀번호 변경)"
ATM · CD|[ATM이용] 자동화기기 (ATM/CD) 이용한도가 궁금해요.|
ATM · CD|[ATM이용] 자동화기기 (ATM/CD)의 이체한도가 70만원으로 축소될 예정이라는데 이유가 무엇인가요?|"모든 은행은 고객님의 계좌가 범죄에 사용되는 것을 막기 위해, 최근 1년 동안 ATM(자동화기기)를 통해 거래한 이력이 없는 경우 출금/이체 한도가 70만원(1회/1일)으로 하향 조정됩니다.

■ 한도 축소 되지 않으려면?
- 한도 축소 예정 문자에 안내된 예정일 전까지 1회 이상 자동화기기를 이용(이체/입출금)

■ 이미 한도 축소 상태라면?
- 케이뱅크 앱을 통해 한도 복원 후 이용
(경로: 케이뱅크 앱 > 하단 '전체' > 고객센터 > 장기미사용 제한 해제)"
ATM · CD|[ATM이용] ATM/CD기에서 200만원 인출이 안돼요.|"보이스피싱 방지를 위해 1백만원 이상 (1회) 입금된 경우 「입금된 때로부터 30분 경과 후」 ATM기기에서 인출 가능합니다.

* 금융감독원의 「지연인출제도」강화 (2015. 9. 2) 법령 의거"
ATM · CD|[ATM이용] 자동화기기(ATM)를 통해 케이뱅크 계좌로 수표를 입금할 수 있나요?|"불가합니다. 자동화기기에서 케이뱅크 카드를 이용한 타행 자기앞수표 입금서비스는 현재 제공하고 있지 않습니다.

수표 발급 은행을 통해 현금화 후 케이뱅크로 이체하는 방법을 추천드려요."
공과금|[공과금납부] 타인에게 부과된 세금도 조회 및 납부가 가능한가요?|"타인에게 부과된 세금도 간편납부번호 및 전자납부번호로 조회 후, 납부 가능합니다.
(경로: 케이뱅크 앱 > 하단 '전체' > '이런 메뉴도 이용해보세요' > 공과금 납부)"
공과금|[공과금납부] 도시가스 요금 납부가 앱에서 가능한가요?|"네, 지로번호와 전자납부번호를 입력하여 납부 가능합니다.
(경로: 케이뱅크 앱 > 하단 '전체' > '이런 메뉴도 이용해보세요' > 공과금 납부)"
공과금|[공과금납부] 지로 등록 및 해지는 바로 반영되나요?|"■ 등록
- 수납기관에 따라 당월 혹은 익월에 처리 (상세내용은 수납기관에 문의)

■ 해지
- 요금 종류에 따라 신청일로부터 최대 6영업일까지 소요

(경로: 케이뱅크 앱 > 하단 '전체' > '이런 메뉴도 이용해보세요' > 공과금 납부)"
사고신고|[전기통신금융사기] 피해자, 명의인은 누구를 의미하나요?|"■ '피해자'의 의미 
- 전기통신금융사기로 인하여 재산상의 피해를 입은 자

■ '명의인'의 의미 
- 피해자 및 수사기관, 금감원 등의 요청 및 거래내역 등의 확인을 통하여 전기통신금융사기의 사기이용계좌로 의심할 만한 사정이 있다고 인정되어 지급정지된 계좌의 예금주"
사고신고|[전기통신금융사기] 전기통신금융사기(보이스피싱) 피해를 당했는데 피해구제신청은 어떻게 하나요?|"■ 피해구제신청 방법
- 지급 정지 접수 후 평일기준 3일 이내 서류 제출
- 팩스 : 02-3210-9320
- 우편 : 서울특별시 중구 을지로 170, 을지트윈타워 동관 6층 케이뱅크 금융사기예방팀
 
■ 제출서류
- 피해구제신청서
- 피해자의 신분증사본
- 본인서명사실확인서(주민센터 발급)
- 수사기관의 피해신고 확인서
- 계약 체결·이행 등을 위한 필수동의서
ᆞ보이스피싱 신용보험용
- 전기통신금융사기 전화번호 등 신고(서식 다운로드)
- 이체확인증
 
>> 서식 다운로드 바로가기 (카테고리 '전기통신금융사기' 선택)


* 서류를 제출하지 않는 경우 접수자에게 14일내에 피해구제 신청서를 제출할 것을 통지하고, 동 기간내 제출하지 않을 경우 지급정지가 종료될 수 있음"
사고신고|[카드분실] 카드를 분실/도난 당한 경우 어떻게 하나요?|"체크카드 분실신고는 케이뱅크 앱을 통해 가능합니다.
단, 케이뱅크 신용카드(삼성 iD카드, 롯데카드, SIMPLE카드) 분실신고는 각 제휴 카드사 고객센터로 문의 바랍니다.
(경로: 케이뱅크 앱 > 하단 '전체' > 고객센터 > 사고 신고·해제)


* 부정 사용 발생 시, 사고접수일로부터 60일 전까지 보상신청 가능"
사고신고|[카드분실] 분실신고한 카드를 찾았는데, 분실신고 해제는 어떻게 하나요?|"케이뱅크 앱을 통해 분실신고 해제를 할 수 있습니다.
(경로: 케이뱅크 앱 > 하단 '전체' > 내 자산 > 카드 > 긴급 > 카드 분실신고 취소)


■ 이미 재발급 신청을 한 경우
- 당일: 취소 가능
- 익일 이후: 기존 카드를 사용하다가 재발급 카드 수령 후 사용

* 타행에 당행 OTP 등록 후 사용 중인 경우, 등록된 해당 은행별로 분실신고 해지 신청 후 이용 가능"
사고신고|[카드부정사용] 체크카드 부정사용 보상신청은 어떻게 하나요?|"체크카드 사고보상은 부정사용 발생일로부터 60일 이내에 신청할 수 있습니다.
카드를 소지 중인 경우와 분실, 도난 중인 경우 사고보상 문의/접수 방법이 달라요.

■ 카드 소지중 부정사용 발생시
- 국내매출건: 해당 가맹점으로 문의
- 해외매출건: 해외보상신청서 작성 후 이메일(foreign@bccard.com) 접수
>> 해외보상신청서

■ 카드 분실, 도난중 부정사용 발생시
- 민원/보상신청 상담센터(02-520-7816)로 문의

* 케이뱅크 제휴 신용카드(삼성iD카드, 롯데카드, SIMPLE카드)의 부정사용 보상신청은 각 카드사 고객센터를 통해 신청
* 삼성iD카드: 1588-8700/ 롯데카드: 1588-8100/ SIMPLE카드: (BC카드)1899-7771"
사고신고|[착오송금] 잘못 송금한 돈을 다시 돌려 받으려면 어떻게 해야 하나요?|"계좌정보(계좌번호 등)를 잘 못 입력하여 착오송금을 한 경우라면 송금은행(출금은행)으로 자금반환 신청을 진행해 주시길 바랍니다.

■ 착오송금 자금반환 신청
- 출금된 계좌가 케이뱅크 계좌인 경우: 고객센터(1522-1000)를 통해 자금반환 접수 신청
- 출금된 계좌가 다른 금융기관 계좌인 경우: 해당 금융기관에 문의

* 반환접수 후 통상 3영업일 처리 시간 소요
* 상대은행 예금주의 동의 또는 거절 여부에 따라 추가적인 시간이 소요될 수 있음"
사고신고|[전기통신금융사기] 피해자 지원제도의 기한이 정해져 있나요?|별도의 기한이 정해져 있지는 않으나, 본 제도는 은행의 사정에 따라 사전공지 없이 변경되거나 종료될 수 있습니다.
사고신고|[전기통신금융사기] 피싱 피해자 지원제도의 대상이 될 수 없는 경우에는 어떤 것들이 있나요?|"■ 지원 제외 대상
- 제도 시행일(23.08.01) 이전 발생한 피해
- 전기통신금융사기에 해당하지 않는 경우
  ① 재화의 공급 등을 가장한 행위 : 개인간 거래, 인터넷 쇼핑몰 사기 등
  ② 용역의 제공 등을 가장한 행위 : 주식사기, 부동산 중개, 인터넷 취업사기 등
  ③ 비정상적인 재화의 공급 또는 용역의 제공 등의 행위 : 조건만남, 몸캠피싱 등
  ④ 해킹
- 이용자의 접근매체와 관련하여 고의 또는 중과실로 인해 제 3자에 의한 피해가 발생한 것으로 추정되는 경우
- 제 3자에 의해 이용자의 신분증으로 스마트폰이 개설되고, 해당 스마트폰에서 피해가 발생된 경우
- 케이뱅크 앱을 이용하지 않고 발생된 피해(오픈뱅킹 등)
- 피싱 관련 안내문구를 확인했음에도 불구하고 대출을 실행하거나 예금을 이체한 경우
- 수사기관으로 신고접수 및 당 타행으로 통신사기피해환급법에 따른 피해구제 신청을 하지 않은 경우
- 계좌가 사기이용계좌로 사용되어 다른 피해자들의 피해구제 신청이 접수된 경우
- 명의인과의 합의로 피해구제가 취소된 경우
- 당 타행 본인 명의 계좌로 송금하거나, 피해발생 전 거래가 있던 계좌로 송금된 경우
- 피해자금의 금원이나, 자금의 흐름이 불명확한 경우 (현금 혹은 가상화폐 거래소 입출금 등)
- 기타 피싱 피해자 지원이 적절하지 않다고 판단되는 경우

보다 자세한 내용은 케이뱅크 고객센터 1522-1000으로 문의해주세요. "
사고신고|[전기통신금융사기] 피싱(전기통신금융사기) 피해자를 지원하는 제도가 있나요?|"케이뱅크는 23.08.01부터 보이스피싱과 같은 전기통신금융사기에 의한 피해가 발생한 경우 은행의 과실이 없어도 최초 1회에 한하여 피해의 일정 부분을 경우에 따라 최대 5,000만원까지 지원해주는 제도를 운영하고 있어요.
지원대상 여부 확인을 위해 피싱 입으신 경우 케이뱅크 고객센터 1522-1000으로 문의해주세요.

■ 상세내용
- 예금주별 최초 1회에 한하여, 피해의 일정 부분을 경우에 따라 최대 5,000만원까지 지원
- 피해가 발생한 송금 이체일로부터 30일 이내 신청한 건에 한함
- 피해보상이 아닌 일부 지원의 성격으로 은행이 정하는 바에 따라 피해 유형별 지원 한도를 차등하고 있으며, 지원한도 이상 통신사기피해환급법에 따른 피해환급을 받거나 명의인과의 합의로 피해구제를 취소하시는 경우 지원금 지급 불가
- 피해지원으로 인한 추가 이익 등을 방지하기 위해 피해환급 여부 등을 확인하고 있으며, 이를 위해서는 통신사기피해환급법에 따라 당행 또는 피해금이 송금된 타행으로 피해구제 신청을 해야 함
- 지원을 위한 심사시 증빙서류를 요청드릴 수 있으며, 제출을 거부하시거나 서류에 거짓이 있는 경우 지원이 거절될 수 있음
- 피해지원금의 실제 지급은 채권소멸절차 종료 확인 등을 감안하여 약 3개월 정도 소요
- 본 제도는 은행의 사정에 따라 사전 공지 없이 제도를 변경하거나 종료할 수 있음"
사고신고|[전기통신금융사기] 전기통신금융사기 관련 각종 서식은 어디서 다운로드 받을 수 있나요?|"아래 경로에서 다운로드 할 수 있습니다.

■ 서식 다운로드
케이뱅크 홈페이지 > 고객센터 > 다운로드/공시 > 서식 다운로드 > 카테고리선택 [전기통신금융사기]"
사고신고|[전기통신금융사기] 금감원에서 피해환급금 지급통지서가 왔는데, 이게 무슨 서류인가요?|통신사기피해환급법에 따라 금융감독원에서 피해자와 피해환급금을 결정하여 통지하는 서류이며, 통지 이후에는 금융회사에서 피해금액을 지급합니다.
사고신고|[전기통신금융사기] 피해환급금 지급 계좌를 변경하고 싶어요.|"피해환급금 지급 계좌는 개시공고일자로 부터 2개월 이내에 변경할 수 있습니다.
단, 관련 서류를 타행 및 금융감독원에 발송해야하기 때문에 가급적 50일 이내로 변경 요청을 해주셔야 해요.

>> 서식 다운로드 바로가기 (카테고리 '전기통신금융사기' 선택)

* 정보변경신청서(홈페이지 서식자료실) 작성 후 FAX (02-3778-9320) 발송 "
사고신고|[전기통신금융사기] 모르는 돈이 입금되었고, 전기통신금융사기로 지급정지 당했습니다. 어떤 입증 서류를 제출하나요?|"모르는 돈이 입금된 경우 이의제기신청 승인은 불가하고, 개인간 중재로 처리해야 합니다.
단, 피해자가 합의를 원치 않을 경우, 처리가 불가할 수 있어요."
사고신고|[전기통신금융사기] 개인간의 거래(중고거래)인데 전기통신금융사기로 신고 당했습니다. 어떤 서류를 제출 하나요?|"이의제기 신청 시 아래의 서류가 필요합니다.

■ 필요 서류
- 이의제기신청서
- 신분증 사본
- 본인서명사실확인서(주민센터 발급)
- 객관적인 증빙자료

객관적인 증빙자료는 CCTV, 개인간 메신저내역, 녹취록 등을 자유롭게 제출하되 중고거래를 하게 된 경위(인터넷 판매 게시물, 개인간 채팅내역 등), 송금인과 구매자가 일치하는 내용에 대한 증빙, 판매대금과 송금액이 일치함에 대한 증빙 등을 요구하며 제출한 서류만으로 확인이 어려울 경우, 추가 증빙자료를 요구할 수 있습니다. 

>> 서식 다운로드 바로가기 (카테고리 '전기통신금융사기' 선택)
>> 서식 다운로드 바로가기"
사고신고|[전기통신금융사기] 이의제기가 승인 후 절차는 어떻게 되나요?|이의제기 승인 시 지급정지 및 전자금융거래제한은 해제되나, 피해금액만큼 2개월간 지급정지는 유지됩니다.
사고신고|[전기통신금융사기] 피해자에게 돈을 돌려주고 싶어요.|"피해중재를 통해 피해자에게 돈을 돌려주고 피해구제신청취소를 통해 지급정지 해제를 할 수 있습니다. 단, 해당 절차는 1차 계좌에 한하여 처리 가능하며, 피해자의 동의가 있어야 가능하기에 피해자가 돌려받길 거부하는 경우도 있어요.

* 고객센터로 피해중재 접수 후 담당부서에서 순차적으로 피해자와의 중재를 시도하므로 시간이 소요될 수 있음 "
사고신고|[전기통신금융사기] 이의제기 처리 기간은 어떻게 되나요?|"검토 소요기간은 최대 2주가 소요될 수 있으며, 서류 미비시 추가로 시간이 소요될 수 있습니다.

* 승인 시 문자, 거절시 유선으로 결과 안내 진행 "
사고신고|[전기통신금융사기] 이의제기가 거절되는 사유에는 어떤 것들이 있나요?|"다음에 해당할 경우 이의제기가 거절될 수 있습니다.

■ 거절 사유
- 제도권 금융회사가 아닌, 사이트의 금융거래를 주장
 ex) 해외선물 거래를 하는 사설 사이트에서 발생한 수익을 입금받았음을 증빙
- 개인간 거래를 했다고 주장하나 소명자료(메신저, 음성녹취, CCTV 등)이 없이 신청인의 진술만 존재
 ex) 지인에게 현금을 전달받고 송금한 것이라 주장
- 막연히 보이스피싱 사기에 이용당하였음을 주장하며 선처를 호소
 ex) 대출 신청 사기 피해를 주장 등

* 위 내용 외 다양한 사유가 있을 수 있으며, 거절 시 담당부서에서 유선 안내 진행"
사고신고|[전기통신금융사기] 전기통신금융사기 이의제기 신청은 어떻게 하나요?|"전기통신금융사기 명의인은 아래의 경우 지급정지 혹은 전자금융거래제한이 이루어진 날로부터 채권소멸절차개시공고일을 기준으로 2개월이 경과하기 전까지 금융회사에 지급정지, 전자금융거래 제한 및 채권소멸절차에 대하여 이의를 제기할 수 있습니다.

■ 이의제기 신청이 가능한 경우
- 해당 계좌가 사기이용계좌가 아니라는 사실을 소명하는 경우
- 소멸될 채권의 전부 또는 일부를 명의인이 재화 또는 용역의 공급에 대한 대가로 받았거나 그 밖에 정당한 권원에 의하여 취득한 것임을 객관적인 자료로 소명하는 경우 (다만, 해당 계좌가 전기통신금융사기에 이용된 사실을 사기이용계좌로 이용된 경위, 거래행태, 거래내역 등의 확인을 통하여 명의인이 알았거나 중대한 과실로 알지 못하였다고 인정되는 경우에는 제외)

■ 이의제기신청 서류
- 이의제기신청서
- 신분증 사본
- 본인서명사실확인서(주민센터 발급)
- 객관적인 증빙자료


■ 제출방법
- 이의제기서류 작성 후 당행 금융사기예방팀으로 FAX(02-3778-9322)발송

>> 서식 다운로드 바로가기 (카테고리 '전기통신금융사기' 선택)"
사고신고|[전기통신금융사기] 피해금을 반환 받아서 피해구제 신청을 취하하고 싶습니다. 어떻게 취하하나요?|"아래 서류를 준비하여 케이뱅크 금융사기예방팀으로 FAX(02-3778-9323) 발송해 주시기 바랍니다.

■ 피해구제취소신청 서류
- 피해구제취소신청서(취소사유에 지급정지해제 계좌 포함 작성)
- 신분증 사본
- 본인서명사실확인서(당행으로 직접 접수 시, 주민센터를 통해 발급)"
사고신고|[전기통신금융사기] 피해구제 신청 시 어떤 서류가 필요한가요?|"■ 피해구제신청서류
 - 피해구제신청서
 - 계약 체결·이행 등을 위한 필수동의서[보이스피싱 신용보험용](홈페이지 서식자료실)
 - 피해자의 신분증 사본
 - 수사기관의 피해신고 확인서(사건사고사실확인원)
 - 본인서명사실확인서(케이뱅크로 직접 접수할 경우, 주민센터 발급)
 - 전기통신금융사기 전화번호 등 신고(홈페이지 서식자료실)
 - 이체확인증(무통장입금, 카카오페이, 토스 등을 통해 입금한 경우)

서류 작성 후 케이뱅크 금융사기대응팀으로 FAX(02-3778-9320)발송
(서류 미비시 담당자 안내 예정)

* 3영업일+14일 이내에 서면으로 피해구제 신청을 하지 않을 경우, 본인 신청으로 지급정지된 계좌의 지급정지가 종료됨
* 전기통신금융사기에 해당하지 않는 사안으로 허위신고를 하여 타인의 재산권 행사를 방해하는 경우 관련 법에 의거하여 3년 이하의 징역 또는 3천만원 이하의 벌금 부과"
사고신고|[전기통신금융사기] 피해구제 신청은 어느 은행에 신청해야 하나요?|피해금이 입금/출금된 금융회사에서 사기이용계좌에 대해 지급정지 등의 피해구제 신청을 할 수 있습니다.
사고신고|[전기통신금융사기] 피해구제신청 접수 후 처리 절차는 어떻게 되나요?|"■ 피해구제신청 처리 절차
1. 피해자의 피해구제가 접수되면 금융회사에서는 금융감독원으로 채권소멸절차 개시 공고를 요청
2. 금융감독원의 개시공고 후 명의인의 이의제기 없이 2개월이 경과하면 해당 계좌의 채권이 소멸
3. 금융감독원은 채권소멸일로부터 14일 이내 환급금액을 결정
4. 금융감독원으로부터 환급금액 결정 통보를 받은 후 금융회사는 피해자의 계좌로 환급진행"
사고신고|[전기통신금융사기] 피해금이 이체된 계좌에 남아있는 잔액이 궁금해요.|"예금주 본인이 아닌 제 3자에게는 관련 금융거래 안내가 불가합니다.
피해구제신청 서면 접수 이후 '지급정지사실통지서'를 통해 지급정지 금액 및 일부 계좌 정보 확인이 가능해요."
사고신고|[전기통신금융사기] 피해구제신청 혹은 피해환급 결정 이후 실제 피해금 환급 완료까지 얼마나 소요되나요?|"담당부서에서 피해구제신청 접수 후 채권소멸절차(명의인의 채권이 소멸되는 절차)에 따라 채권이 소멸된 날부터 14일 이내 금융감독원은 지급받을 자와 금액을 산정하여 금융회사에 통지하고 영업일 등을 고려하여 지급합니다. (통상 피해구제신청 접수 이후 약 3개월 소요)

※ 단, 아래의 경우에는 채권소멸절차의 개시 공고를 요청하지 않음
- 지급정지 전 손해배상, 부당이득반환 등의 청구소송이 제기되어 법원에 계속중인 경우
- 지급정지 전 민사집행법에 따른 압류, 가압류 또는 가처분 명령이 집행된 경우
- 지급정지 전 국세징수법에 따른 체납절차가 개시된 경우
- 지급정지 전 질권이 설정된 경우
- 지급정지 후 피해자와 명의인 간 채무부존재확인, 부당이득반환청구 소송 등이 제기되어 법원에 계속중인 경우
- 지급정지 계좌의 잔액이 1만원 이하인 경우. 단, 피해자가 소액 피해구제를 원하는 경우 지급정지 통지를 받은 날로부터 30일 이내 채권소멸절차의 개시공고 요청를 요청할 수 있음"
사고신고|[전기통신금융사기] 전기통신금융사기 지급정지는 언제 등록되나요?|"아래에 해당하는 경우 거래내역 등의 확인을 통해 전기통신금융사기 사기이용계좌로 의심할 만한 사정이 있다고 인정되면 즉시 계좌 지급정지를 등록합니다.

1. 피해자의 신청 또는 피해자로부터 요청을 받은 다른 금융회사의 지급정지 요청이 있는 경우
2. 수사기관 또는 금융감독원 등으로부터 사기이용계좌로 의심된다는 정보제공이 있는 경우
3. 당행 자체점검을 통해 계좌가 전기통신금융사기의 피해를 초래할 수 있는 피해의심거래계좌로 추정되어 임시조치 뒤 본인확인 결과 사기이용계좌로 추정되는 경우
4. 그 밖에 대통령령으로 정하는 경우 "
사고신고|[전기통신금융사기] 전기통신금융사기 피해를 당했어요, 어떻게 해야 하나요?|"전기통신금융사기에 해당하는 피해를 입었다면, 케이뱅크 고객센터(1522-1000)를 통해 지급정지 등을 요청하고, '피해구제신청서'를 작성하여 3영업일+14일 이내에 당행으로 제출(발송)해 주시기 바랍니다.

■ 제출(발송)처
- 서울특별시 중구 을지로 170, 을지트윈타워 동관 6층, 케이뱅크 금융사기대응팀
  (FAX: 02-3778-9320)

>> 서식 다운로드 바로가기 (카테고리 '전기통신금융사기' 선택)

* 전기통신금융사기에 해당하지 않는 사안으로 허위신고를 하여 타인의 재산권 행사를 방해하는 경우 관련 법에 의거하여 3년 이하의 징역 또는 3천만원 이하의 벌금에 처해질 수 있음
* 전기통신금융사기에 의한 피해로 의심되지 않는 경우 지급정지가 거절될 수 있음 "
사고신고|[전기통신금융사기] 전기통신금융사기가 무엇인가요?|"전기통신금융사기란 다음과 같습니다. ('통신사기피해환급법 제2조' 발췌)

전기통신금융사기란 「전기통신기본법」 제2조제1호에 따른 전기통신을 이용하여 타인을 기망(欺罔)ㆍ공갈(恐喝)함으로써 재산상의 이익을 취하거나 제3자에게 재산상의 이익을 취하게 하는 다음 각 목의 행위를 말한다. 다만, 재화의 공급 또는 용역의 제공 등을 가장한 행위는 제외하되, 대출의 제공ㆍ알선ㆍ중개를 가장한 행위는 포함한다.
    가. 자금을 송금ㆍ이체하도록 하는 행위
나. 개인정보를 알아내어 자금을 송금ㆍ이체하는 행위"
사고신고|[정보유출] 제 개인정보/계좌정보가 유출된 것 같은데, 계좌이용을 일시정지 시킬 수 있나요?|"개인정보유출 등으로 긴급하게 뱅킹서비스의 제한이 필요할 경우, 케이뱅크 앱을 통해 신청할 수 있습니다.
(경로: 케이뱅크 앱 > 하단 '전체' > 고객센터 > 사고신고·해제 > 뱅킹 긴급중지)

* 계좌 별 각각 신청 가능
* 해제 시 신분증 촬영 및 직원영상통화 필요"
기타|[공통] 케이뱅크의 상담 가능시간은 언제인가요?|"■ 운영시간
- 은행 전화상담(1522-1000)
ㆍ매일 오전 9시 ~ 오후 6시
- 카드 전화상담(1522-1155)
ㆍ평일 오전 9시 ~ 오후 6시
- 사고신고/이메일상담/톡(챗봇) 상담
ㆍ24시간 365일

* 주말 및 공휴일 동일"
기타|[공통] 탈퇴하면 개인정보는 삭제되나요?|"금융거래 관련 개인정보는 거래종료일 이후 5년까지 보유·이용됩니다.

* 관련법 : 개인정보보호법, 정보통신망 관한 법률"
기타|[공통] 비과세종합저축 한도 조회 및 변경/신청은 어떻게 하나요?|"케이뱅크 앱을 통해 조회/신청을 할 수 있습니다.
비과세종합저축 신청 시, 공공마이데이터 인증이나 관련 증빙서류가 필요해요.
(경로: 케이뱅크 앱 > 하단 '전체' > 고객센터 > 비과세한도 조회·서류제출)"
기타|[본인인증] 신분증 촬영 꼭 필요한가요?|
기타|[본인인증] 신분증 재촬영 안내 문자를 받았는데, 어떻게 해야하나요?|"촬영하여 제출한 신분증이 유효하지 않거나 기존 저장된 이미지 제출, 사진 훼손, 신분증 일부 가려짐 등으로 본인확인이 어려운 경우 신분증 재확인을 진행하고 있습니다. 아래의 경로를 통해 신분증을 다시 제출해주시면 되겠습니다.

■ 제출 경로
- 앱종료 > URL/재접속 > 로그인 > '신분증 다시 제출하기'"
기타|[증명서] 이체확인증을 받을 수 있나요?|"케이뱅크 앱을 통해 PDF 파일로 저장 또는 고객센터를 통해 팩스 수령이 가능합니다.(수수료 없음)
(경로: 케이뱅크 앱 > 하단 '전체' 아이콘 > 송금 > 이체내역)



* '연락처로 돈보내기' 건은 이체확인증 다운로드 불가"
기타|[증명서] 월세납입내역서 발급이 가능한가요?|"케이뱅크 앱 또는 홈페이지를 통해 PDF 저장/출력 또는 고객센터를 통해 팩스 수령이 가능합니다.
(수수료 없음)

>> 월세납입내역서 바로가기

* 전화인증(2채널 ARS) 필요"
기타|[증명서] 잔액증명서 발급이 가능한가요?|"케이뱅크 앱 또는 홈페이지에서 발급 할 수 있습니다.

■ 수수료
- 수수료 : 무료 (단, 탈회고객 또는 대리인 수기발급 요청 시 건당 1,000원)

>> 증명서 발급 바로가기

* 다건의 계좌 선택 후 발급 가능
* 발급기준일을 발급 당일로 선택하면 해당일의 입금/출금 서비스 모두 중지"
기타|[증명서] 통장표지 출력이 가능한가요?|"케이뱅크 앱 또는 홈페이지에서 PDF 저장/출력 및 고객센터를 통해 팩스 수령이 가능합니다.
(수수료 없음)

>> 증명서 발급 바로가기"
기타|[공통] 케이뱅크의 서비스 이용가능 시간은 언제인가요?|"케이뱅크는 대한민국 최초 인터넷전문은행으로 회원가입, 이체, 카드결제, 예적금/대출 가입 등의 케이뱅크 서비스는 24시간 365일 이용할 수 있습니다.

* 케이뱅크 시스템 점검시간(매일 23:57 ~ 00:02)에는 서비스 이용 제한"
기타|[이용문의] 'WCMMSCP0301'오류가 발생했습니다.|"WCMMSCP0301 오류는 케이뱅크에 등록된 이름 및 주민등록번호가 실제 정보가 일치 하지 않을 경우, 발생하는 오류입니다.최근에 이름 혹은 주민등록번호를 변경하셨다면 이름/주민등록번호 변경 신청을 해주세요.
(경로: 케이뱅크 앱 > 하단 '전체' > 고객센터 > 이름/주민등록번호 변경)"
기타|[이용문의] 카드 발급을 신청 중인데 'PBKINQ4030' 오류가 발생했습니다.|"보유하신 입출금 계좌상태 혹은 회원정보 등에 문제가 있을 경우 발생하는 오류입니다.
계좌상태 및 회원정보가 올바른지 확인을 부탁드리며 지속적으로 해당 오류가 발생 시, 고객센터(!522-1000)로 문의해 주세요."
기타|[공통] 케이뱅크 홈페이지에서도 뱅킹 이용이 가능한가요?|"케이뱅크 홈페이지에서는 일부 메뉴만 이용할 수 있습니다.
(상품조회, 서식 다운로드, 증명서 발급, 인증서 복사 등)

이외 업무는 케이뱅크 앱을 통해 이용해 주세요."
기타|[이벤트] 친구추천 이벤트는 어떻게 참여하나요?|"이벤트 페이지에서 '친구에게 선물 받기' 링크를 복사 후 친구에게 보내주세요.
친구가 링크를 통해 케이뱅크 가입 후 계좌를 개설하면 완료돼요.
(경로: 케이뱅크 앱 > 하단 '전체' > 인기 > 현금 무제한 뿌리기)


* 상세내용은 이벤트 페이지 참고"
기타|[증명서] 종합소득세신고를 위한 서류는 어떻게 발급받나요?|"종합소득세신고와 관련된 은행 발급 서류는 증명서 발급 메뉴에서 확인할 수 있습니다.

>> 증명서 발급 바로가기"
기타|[이용문의] 'CAPXPE0106' 오류가 무엇인가요?|해당 오류는 은행 전산망 점검시간에 따른 서비스 이용불가 오류코드 입니다. 해당 시간(매일 23:50 ~ 00시 10분)에는 은행 서비스 이용이 제한될 수 있습니다. 점검 시간 이후 이용을 부탁드려요.
기타|[이용문의] 이체 중 'CAPPYE0028' 오류가 발생했는데 어떻게 해야하나요?|"CAPPYE0028 오류는 장기미사용으로 인해 이체 거래가 제한되었을 때 발생하는 오류입니다. 장기미사용제한 해제 후 이용해 주세요.
(경로: 케이뱅크 앱 > 하단 '전체' > 고객센터 > 장기미사용 제한 해제)"
기타|[증명서] 예금거래내역을 증명하는 서류는 어떤게 있나요?|"케이뱅크 앱 또는 홈페이지를 통해 예금거래실적증명서를 발급받을 수 있습니다.

>> 예금거래실적증명서 바로가기"
기타|[앱설정] (아이폰/iOS) 로그인 후 매번 뜨는 '복사-붙여넣기' 팝업을 더이상 안뜨게 하려면 어떻게 해야하나요?|"아래의 설정 방법을 참고하시면, 매번 붙여넣기 허용을 하지 않아도 복사한 내용을 바로 붙여넣을 수 있습니다.

■ 설정 방법
1. 사용하시는 휴대폰(iOS)의 '설정' 앱에서 케이
    뱅크를 찾아주세요.
2. 케이뱅크 선택 후, '다른 앱에서 붙여넣기' 기능
    을 '허용'으로 변경해주세요.
    (단, iOS 16.1.1 이상 버전부터 설정 가능) "
기타|[공통] 홈페이지 보안프로그램('모아사인') 설치시 오류가 발생합니다.|"보안프로그램 모아사인 설치 시 오류가 발생하는 경우 아래와 같이 시도해보시기 바랍니다.

■ 세션만료 관련 오류가 발생할 경우
1. 작업 관리자 실행
2. INISAFEMoaSignEX.exe 또는 INISAFE MoaSign EX(32bit) 프로세스 종료
3. 브라우저를 재 시작 한 후 재진행
 
■ 재설치 안내 팝업이 발생할 경우
- Internet Explorer 10 이상의 브라우저
ㆍ인터넷옵션 > 고급 > '향상된 보호 모드를 위해 64비트 프로세스 사용*' 체크 해제
ㆍIE 브라우저 모두 종료 후 재진행
- 그 이외의 브라우저를 사용하는 경우, 모든 브라우저 종료 후 사용하고자 하는 브라우저에서 재진행"
기타|[공통] 고객확인제도(EDD)가 무엇인가요?|"고객확인제도(EDD)란 회원가입 후 1년 또는 2년마다 수행하는 고객확인 절차입니다.
신분증(주민등록증/운전면허증) 촬영으로 쉽게 인증할 수 있어요.

* 로그인시 EDD 안내 팝업창 활성
* EDD 미수행 시 뱅킹 업무가 제한될 수 있음"
기타|[공통] 피성년후견인도 뱅킹 이용을 할 수 있나요?|"민법상 제한능력자(피성년후견인, 피특정후견인)로 확인될 경우, 뱅킹이용이 제한될 수 있습니다.
제한능력자 해제 및 탈회 안내는 고객센터로 문의해 주세요.

■ 대상자 제한업무
- 예금신규/해지
- 지급
- 자동이체
- 수수료가 발생되는 증명서 출력

* 회원가입 및 로그인은 가능"
기타|[공통] 예금, 대출 관련 증명서를 우편으로 받아볼 수 있나요?|"케이뱅크의 여러 증명서는 별도의 우편발송 서비스를 제공하지 않으며 케이뱅크 앱 또는 홈페이지를 통해 발급받을 수 있습니다.

* 증명서 종류 별로, 별도의 수수료 발생 가능"
기타|[공통] 대면 업무를 위해 방문 예정인데 고객지원센터 주소가 어떻게 되나요?|"케이뱅크는 제 1금융권 인터넷전문은행이며 금융 업무를 지점 방문 없이 비대면으로 케이뱅크 앱 또는 홈페이지에서 이용할 수 있습니다.
단, 명의도용, 상속 등 업무에 따라 고객지원센터를 통해 처리 가능해요.

■ 위치
- 서울특별시 중구 을지로 4가 310-68, 삼풍넥서스빌딩 8층

■ 운영시간
- 평일 09시 ~ 18시"
기타|[공통] 회원가입 하려고 하는데 USIM(유심) 인식 불가로 가입이 되지 않습니다. 어떻게 해야 하나요?|"유심이 통신사에 정상적으로 등록되지 않은 경우 미등록 단말, 유심 인식불가 등이 발생 됩니다.
단말기 유심 등록, 자급제 단말등록 여부는 해당 통신사의 고객센터를 통해 확인 부탁드려요."
기타|[공통] 금리인하요구권을 신청했는데 거절될 수도 있나요?|"대출 금리인하요구권을 신청하더라도 과거와의 신용상태 비교 시 큰 차이가 나지 않을 경우 승인되지 않을 수 있습니다.
소득이나 직장의 변동, 소득의 증가 등의 사유가 발생하더라도 반드시 금리인하를 보장하지는 않아요."
기타|[증명서]상속자 증명서 발급받으려면 어떤 서류들이 필요한가요?|"■ 필요서류
- 피상속인(사망자) 기준 기본증명서(상세) 원본
- 피상속인(사망자) 기준 가족관계증명서(상세) 원본
- 대표상속인(상속을 받는 사람) 신분증 사본
- 제신고·변경·(재)발급의뢰서

>> 서식 다운로드 바로가기

■ 발급방법: 등기접수
-  주소: 서울시 중구 을지로 158 삼풍넥서스 8층 케이뱅크 수신증명서 담당자 앞

* 서류 일부 원본이 필요하여 FAX제출 불가 
* 제신고·변경·(재)발급의뢰서는 서식 자료실에서 확인"
기타|[공통] 대출 금리인하요구권은 어떻게 신청하나요?|"대출 금리인하요구권은 대출을 받은 고객이 신용상태의 개선 등 일정한 요건에 해당할 경우 가산금리 인하를 요구할 수 있는 제도입니다. 케이뱅크 앱을 통해 신청할 수 있어요.
(경로: 케이뱅크 앱 > 하단 '전체' 아이콘 > 내 자산 > 대출 > 해당 대출 선택 > 관리 > 금리인하요구권)

■ 신청기간
- 대출 만기 전까지 신청가능

■ 신청 후 승인까지 소요시간
- 신청과 동시에 실시간 자동 승인/거절 확인 가능


* 변경된 금리는 승인일 당일부터 즉시 적용되고, 다음달 이자 납부일에 변경된 금리가 적용된 이자로 납부됨
* 신청불가 상품: 미니k간편대출, 119k대환대출, 예적금담보대출, 스마트론 신용대출, 청년 전세대출, 사장님 보증서대출
* 은행 심사 결과에 따라 고객님의 금리인하 요구는 수용되지 않을 수 있음"
기타|[공통] 케이뱅크에서 진행 중인 이벤트는 어떤게 있나요?|"현재 진행중인 이벤트는 혜택존에서 확인할 수 있습니다.
 
>> 혜택존 바로가기"
기타|[공통] 대출 신청 전 신용등급조회를 미리 해볼 수 있나요?|"고객님의 정확한 신용점수는 신용관리 서비스를 통해 확인할 수 있습니다.
(경로: 케이뱅크 앱 > 하단 '전체' > 신용관리)


* 대출 신청단계 중 단순 한도 조회 시에는 신용점수 변동에 영향 없음(단, 대출 실행 및 추가대출(한도증액), 상환, 철회, 연장의 경우 신용점수에 변동이 있을 수 있음)"
